index,Unassigned;__;__;__;__,k__Fungi;__;__;__;__,k__Fungi;p__Aphelidiomycota;c__Aphelidiomycetes;o__GS16;f__unidentified,k__Fungi;p__Ascomycota;__;__;__,k__Fungi;p__Ascomycota;c__Archaeorhizomycetes;o__Archaeorhizomycetales;f__Archaeorhizomycetaceae,k__Fungi;p__Ascomycota;c__Dothideomycetes;__;__,k__Fungi;p__Ascomycota;c__Dothideomycetes;o__Botryosphaeriales;f__Botryosphaeriaceae,k__Fungi;p__Ascomycota;c__Dothideomycetes;o__Capnodiales;__,k__Fungi;p__Ascomycota;c__Dothideomycetes;o__Capnodiales;f__Cladosporiaceae,k__Fungi;p__Ascomycota;c__Dothideomycetes;o__Capnodiales;f__Extremaceae,k__Fungi;p__Ascomycota;c__Dothideomycetes;o__Capnodiales;f__Mycosphaerellaceae,k__Fungi;p__Ascomycota;c__Dothideomycetes;o__Capnodiales;f__Teratosphaeriaceae,k__Fungi;p__Ascomycota;c__Dothideomycetes;o__Capnodiales;f__unidentified,k__Fungi;p__Ascomycota;c__Dothideomycetes;o__Dothideales;__,k__Fungi;p__Ascomycota;c__Dothideomycetes;o__Dothideales;f__Aureobasidiaceae,k__Fungi;p__Ascomycota;c__Dothideomycetes;o__Dothideomycetes_ord_Incertae_sedis;f__Eremomycetaceae,k__Fungi;p__Ascomycota;c__Dothideomycetes;o__Minutisphaerales;f__Minutisphaeraceae,k__Fungi;p__Ascomycota;c__Dothideomycetes;o__Myriangiales;f__Elsinoaceae,k__Fungi;p__Ascomycota;c__Dothideomycetes;o__Mytilinidales;f__Gloniaceae,k__Fungi;p__Ascomycota;c__Dothideomycetes;o__Patellariales;__,k__Fungi;p__Ascomycota;c__Dothideomycetes;o__Pleosporales;__,k__Fungi;p__Ascomycota;c__Dothideomycetes;o__Pleosporales;f__Dictyosporiaceae,k__Fungi;p__Ascomycota;c__Dothideomycetes;o__Pleosporales;f__Didymellaceae,k__Fungi;p__Ascomycota;c__Dothideomycetes;o__Pleosporales;f__Didymosphaeriaceae,k__Fungi;p__Ascomycota;c__Dothideomycetes;o__Pleosporales;f__Lentitheciaceae,k__Fungi;p__Ascomycota;c__Dothideomycetes;o__Pleosporales;f__Leptosphaeriaceae,k__Fungi;p__Ascomycota;c__Dothideomycetes;o__Pleosporales;f__Lophiostomataceae,k__Fungi;p__Ascomycota;c__Dothideomycetes;o__Pleosporales;f__Melanommataceae,k__Fungi;p__Ascomycota;c__Dothideomycetes;o__Pleosporales;f__Morosphaeriaceae,k__Fungi;p__Ascomycota;c__Dothideomycetes;o__Pleosporales;f__Periconiaceae,k__Fungi;p__Ascomycota;c__Dothideomycetes;o__Pleosporales;f__Phaeosphaeriaceae,k__Fungi;p__Ascomycota;c__Dothideomycetes;o__Pleosporales;f__Pleosporaceae,k__Fungi;p__Ascomycota;c__Dothideomycetes;o__Pleosporales;f__Pleosporales_fam_Incertae_sedis,k__Fungi;p__Ascomycota;c__Dothideomycetes;o__Pleosporales;f__Sporormiaceae,k__Fungi;p__Ascomycota;c__Dothideomycetes;o__Pleosporales;f__Teichosporaceae,k__Fungi;p__Ascomycota;c__Dothideomycetes;o__Pleosporales;f__Tetraplosphaeriaceae,k__Fungi;p__Ascomycota;c__Dothideomycetes;o__Pleosporales;f__Thyridariaceae,k__Fungi;p__Ascomycota;c__Dothideomycetes;o__Pleosporales;f__Torulaceae,k__Fungi;p__Ascomycota;c__Dothideomycetes;o__Pleosporales;f__unidentified,k__Fungi;p__Ascomycota;c__Dothideomycetes;o__Tubeufiales;__,k__Fungi;p__Ascomycota;c__Dothideomycetes;o__Tubeufiales;f__Tubeufiaceae,k__Fungi;p__Ascomycota;c__Dothideomycetes;o__Venturiales;__,k__Fungi;p__Ascomycota;c__Dothideomycetes;o__Venturiales;f__Sympoventuriaceae,k__Fungi;p__Ascomycota;c__Dothideomycetes;o__Venturiales;f__Venturiaceae,k__Fungi;p__Ascomycota;c__Dothideomycetes;o__Venturiales;f__unidentified,k__Fungi;p__Ascomycota;c__Dothideomycetes;o__unidentified;f__unidentified,k__Fungi;p__Ascomycota;c__Eurotiomycetes;__;__,k__Fungi;p__Ascomycota;c__Eurotiomycetes;o__Chaetothyriales;__,k__Fungi;p__Ascomycota;c__Eurotiomycetes;o__Chaetothyriales;f__Cyphellophoraceae,k__Fungi;p__Ascomycota;c__Eurotiomycetes;o__Chaetothyriales;f__Herpotrichiellaceae,k__Fungi;p__Ascomycota;c__Eurotiomycetes;o__Chaetothyriales;f__Trichomeriaceae,k__Fungi;p__Ascomycota;c__Eurotiomycetes;o__Chaetothyriales;f__unidentified,k__Fungi;p__Ascomycota;c__Eurotiomycetes;o__Coryneliales;f__Coryneliaceae,k__Fungi;p__Ascomycota;c__Eurotiomycetes;o__Eurotiales;__,k__Fungi;p__Ascomycota;c__Eurotiomycetes;o__Eurotiales;f__Aspergillaceae,k__Fungi;p__Ascomycota;c__Eurotiomycetes;o__Eurotiales;f__Thermoascaceae,k__Fungi;p__Ascomycota;c__Eurotiomycetes;o__Eurotiales;f__Trichocomaceae,k__Fungi;p__Ascomycota;c__Eurotiomycetes;o__Onygenales;__,k__Fungi;p__Ascomycota;c__Eurotiomycetes;o__Onygenales;f__Ajellomycetaceae,k__Fungi;p__Ascomycota;c__Eurotiomycetes;o__Onygenales;f__Arthrodermataceae,k__Fungi;p__Ascomycota;c__Eurotiomycetes;o__Onygenales;f__Ascosphaeraceae,k__Fungi;p__Ascomycota;c__Eurotiomycetes;o__Onygenales;f__Gymnoascaceae,k__Fungi;p__Ascomycota;c__Eurotiomycetes;o__Onygenales;f__Nannizziopsiaceae,k__Fungi;p__Ascomycota;c__Eurotiomycetes;o__Onygenales;f__Onygenaceae,k__Fungi;p__Ascomycota;c__Eurotiomycetes;o__Onygenales;f__Onygenales_fam_Incertae_sedis,k__Fungi;p__Ascomycota;c__Eurotiomycetes;o__Onygenales;f__unidentified,k__Fungi;p__Ascomycota;c__Eurotiomycetes;o__Phaeomoniellales;__,k__Fungi;p__Ascomycota;c__Eurotiomycetes;o__Phaeomoniellales;f__Phaeomoniellaceae,k__Fungi;p__Ascomycota;c__Eurotiomycetes;o__unidentified;f__unidentified,k__Fungi;p__Ascomycota;c__Geoglossomycetes;o__Geoglossales;f__Geoglossaceae,k__Fungi;p__Ascomycota;c__Geoglossomycetes;o__Geoglossales;f__unidentified,k__Fungi;p__Ascomycota;c__Laboulbeniomycetes;o__Pyxidiophorales;f__unidentified,k__Fungi;p__Ascomycota;c__Lecanoromycetes;__;__,k__Fungi;p__Ascomycota;c__Lecanoromycetes;o__GS36;f__unidentified,k__Fungi;p__Ascomycota;c__Lecanoromycetes;o__Lecanorales;__,k__Fungi;p__Ascomycota;c__Lecanoromycetes;o__Lecanorales;f__Ramalinaceae,k__Fungi;p__Ascomycota;c__Lecanoromycetes;o__Lecanorales;f__unidentified,k__Fungi;p__Ascomycota;c__Lecanoromycetes;o__Ostropales;f__Stictidaceae,k__Fungi;p__Ascomycota;c__Lecanoromycetes;o__Peltigerales;f__Collemataceae,k__Fungi;p__Ascomycota;c__Lecanoromycetes;o__unidentified;f__unidentified,k__Fungi;p__Ascomycota;c__Leotiomycetes;__;__,k__Fungi;p__Ascomycota;c__Leotiomycetes;o__Helotiales;__,k__Fungi;p__Ascomycota;c__Leotiomycetes;o__Helotiales;f__Chaetomellaceae,k__Fungi;p__Ascomycota;c__Leotiomycetes;o__Helotiales;f__Dermateaceae,k__Fungi;p__Ascomycota;c__Leotiomycetes;o__Helotiales;f__Helotiaceae,k__Fungi;p__Ascomycota;c__Leotiomycetes;o__Helotiales;f__Helotiales_fam_Incertae_sedis,k__Fungi;p__Ascomycota;c__Leotiomycetes;o__Helotiales;f__Hyaloscyphaceae,k__Fungi;p__Ascomycota;c__Leotiomycetes;o__Helotiales;f__Leotiaceae,k__Fungi;p__Ascomycota;c__Leotiomycetes;o__Helotiales;f__Myxotrichaceae,k__Fungi;p__Ascomycota;c__Leotiomycetes;o__Helotiales;f__Rutstroemiaceae,k__Fungi;p__Ascomycota;c__Leotiomycetes;o__Helotiales;f__Sclerotiniaceae,k__Fungi;p__Ascomycota;c__Leotiomycetes;o__Helotiales;f__unidentified,k__Fungi;p__Ascomycota;c__Leotiomycetes;o__Rhytismatales;f__Rhytismataceae,k__Fungi;p__Ascomycota;c__Leotiomycetes;o__Thelebolales;__,k__Fungi;p__Ascomycota;c__Leotiomycetes;o__Thelebolales;f__Pseudeurotiaceae,k__Fungi;p__Ascomycota;c__Leotiomycetes;o__Thelebolales;f__unidentified,k__Fungi;p__Ascomycota;c__Leotiomycetes;o__unidentified;f__unidentified,k__Fungi;p__Ascomycota;c__Orbiliomycetes;o__Orbiliales;__,k__Fungi;p__Ascomycota;c__Orbiliomycetes;o__Orbiliales;f__Orbiliaceae,k__Fungi;p__Ascomycota;c__Orbiliomycetes;o__Orbiliales;f__unidentified,k__Fungi;p__Ascomycota;c__Pezizomycetes;o__Pezizales;__,k__Fungi;p__Ascomycota;c__Pezizomycetes;o__Pezizales;f__Ascobolaceae,k__Fungi;p__Ascomycota;c__Pezizomycetes;o__Pezizales;f__Ascodesmidaceae,k__Fungi;p__Ascomycota;c__Pezizomycetes;o__Pezizales;f__Pezizaceae,k__Fungi;p__Ascomycota;c__Pezizomycetes;o__Pezizales;f__Pyronemataceae,k__Fungi;p__Ascomycota;c__Pezizomycetes;o__Pezizales;f__Sarcoscyphaceae,k__Fungi;p__Ascomycota;c__Pezizomycetes;o__Pezizales;f__Sarcosomataceae,k__Fungi;p__Ascomycota;c__Pezizomycetes;o__Pezizales;f__Tarzettaceae,k__Fungi;p__Ascomycota;c__Pezizomycotina_cls_Incertae_sedis;o__Pezizomycotina_ord_Incertae_sedis;f__Pezizomycotina_fam_Incertae_sedis,k__Fungi;p__Ascomycota;c__Saccharomycetes;o__Saccharomycetales;__,k__Fungi;p__Ascomycota;c__Saccharomycetes;o__Saccharomycetales;f__Debaryomycetaceae,k__Fungi;p__Ascomycota;c__Saccharomycetes;o__Saccharomycetales;f__Lipomycetaceae,k__Fungi;p__Ascomycota;c__Saccharomycetes;o__Saccharomycetales;f__Phaffomycetaceae,k__Fungi;p__Ascomycota;c__Saccharomycetes;o__Saccharomycetales;f__Pichiaceae,k__Fungi;p__Ascomycota;c__Saccharomycetes;o__Saccharomycetales;f__Saccharomycetaceae,k__Fungi;p__Ascomycota;c__Saccharomycetes;o__Saccharomycetales;f__Saccharomycopsidaceae,k__Fungi;p__Ascomycota;c__Saccharomycetes;o__Saccharomycetales;f__Trichomonascaceae,k__Fungi;p__Ascomycota;c__Saccharomycetes;o__Saccharomycetales;f__unidentified,k__Fungi;p__Ascomycota;c__Sordariomycetes;__;__,k__Fungi;p__Ascomycota;c__Sordariomycetes;o__Boliniales;__,k__Fungi;p__Ascomycota;c__Sordariomycetes;o__Branch06;f__unidentified,k__Fungi;p__Ascomycota;c__Sordariomycetes;o__Calosphaeriales;f__Calosphaeriaceae,k__Fungi;p__Ascomycota;c__Sordariomycetes;o__Calosphaeriales;f__Pleurostomataceae,k__Fungi;p__Ascomycota;c__Sordariomycetes;o__Chaetosphaeriales;f__Chaetosphaeriaceae,k__Fungi;p__Ascomycota;c__Sordariomycetes;o__Coniochaetales;__,k__Fungi;p__Ascomycota;c__Sordariomycetes;o__Coniochaetales;f__Coniochaetaceae,k__Fungi;p__Ascomycota;c__Sordariomycetes;o__Coniochaetales;f__unidentified,k__Fungi;p__Ascomycota;c__Sordariomycetes;o__Conioscyphales;f__Conioscyphaceae,k__Fungi;p__Ascomycota;c__Sordariomycetes;o__Diaporthales;__,k__Fungi;p__Ascomycota;c__Sordariomycetes;o__Diaporthales;f__Diaporthaceae,k__Fungi;p__Ascomycota;c__Sordariomycetes;o__Diaporthales;f__Valsaceae,k__Fungi;p__Ascomycota;c__Sordariomycetes;o__Diaporthales;f__unidentified,k__Fungi;p__Ascomycota;c__Sordariomycetes;o__Glomerellales;__,k__Fungi;p__Ascomycota;c__Sordariomycetes;o__Glomerellales;f__Glomerellaceae,k__Fungi;p__Ascomycota;c__Sordariomycetes;o__Glomerellales;f__Plectosphaerellaceae,k__Fungi;p__Ascomycota;c__Sordariomycetes;o__Glomerellales;f__Reticulascaceae,k__Fungi;p__Ascomycota;c__Sordariomycetes;o__Hypoceales;f__Amplistromataceae,k__Fungi;p__Ascomycota;c__Sordariomycetes;o__Hypocreales;__,k__Fungi;p__Ascomycota;c__Sordariomycetes;o__Hypocreales;f__Bionectriaceae,k__Fungi;p__Ascomycota;c__Sordariomycetes;o__Hypocreales;f__Clavicipitaceae,k__Fungi;p__Ascomycota;c__Sordariomycetes;o__Hypocreales;f__Cordycipitaceae,k__Fungi;p__Ascomycota;c__Sordariomycetes;o__Hypocreales;f__Hypocreaceae,k__Fungi;p__Ascomycota;c__Sordariomycetes;o__Hypocreales;f__Hypocreales_fam_Incertae_sedis,k__Fungi;p__Ascomycota;c__Sordariomycetes;o__Hypocreales;f__Nectriaceae,k__Fungi;p__Ascomycota;c__Sordariomycetes;o__Hypocreales;f__Niessliaceae,k__Fungi;p__Ascomycota;c__Sordariomycetes;o__Hypocreales;f__Ophiocordycipitaceae,k__Fungi;p__Ascomycota;c__Sordariomycetes;o__Hypocreales;f__Stachybotryaceae,k__Fungi;p__Ascomycota;c__Sordariomycetes;o__Hypocreales;f__unidentified,k__Fungi;p__Ascomycota;c__Sordariomycetes;o__Magnaporthales;f__Magnaporthaceae,k__Fungi;p__Ascomycota;c__Sordariomycetes;o__Magnaporthales;f__unidentified,k__Fungi;p__Ascomycota;c__Sordariomycetes;o__Microascales;__,k__Fungi;p__Ascomycota;c__Sordariomycetes;o__Microascales;f__Ceratocystidaceae,k__Fungi;p__Ascomycota;c__Sordariomycetes;o__Microascales;f__Graphiaceae,k__Fungi;p__Ascomycota;c__Sordariomycetes;o__Microascales;f__Microascaceae,k__Fungi;p__Ascomycota;c__Sordariomycetes;o__Microascales;f__Microascales_fam_Incertae_sedis,k__Fungi;p__Ascomycota;c__Sordariomycetes;o__Myrmecridiales;__,k__Fungi;p__Ascomycota;c__Sordariomycetes;o__Myrmecridiales;f__Myrmecridiaceae,k__Fungi;p__Ascomycota;c__Sordariomycetes;o__Myrmecridiales;f__unidentified,k__Fungi;p__Ascomycota;c__Sordariomycetes;o__Ophiostomatales;f__Ophiostomataceae,k__Fungi;p__Ascomycota;c__Sordariomycetes;o__Pleurotheciales;f__Pleurotheciaceae,k__Fungi;p__Ascomycota;c__Sordariomycetes;o__Savoryellales;f__Savoryellaceae,k__Fungi;p__Ascomycota;c__Sordariomycetes;o__Sordariales;__,k__Fungi;p__Ascomycota;c__Sordariomycetes;o__Sordariales;f__Cephalothecaceae,k__Fungi;p__Ascomycota;c__Sordariomycetes;o__Sordariales;f__Chaetomiaceae,k__Fungi;p__Ascomycota;c__Sordariomycetes;o__Sordariales;f__Helminthosphaeriaceae,k__Fungi;p__Ascomycota;c__Sordariomycetes;o__Sordariales;f__Lasiosphaeriaceae,k__Fungi;p__Ascomycota;c__Sordariomycetes;o__Sordariales;f__Sordariaceae,k__Fungi;p__Ascomycota;c__Sordariomycetes;o__Sordariales;f__Sordariales_fam_Incertae_sedis,k__Fungi;p__Ascomycota;c__Sordariomycetes;o__Sordariales;f__unidentified,k__Fungi;p__Ascomycota;c__Sordariomycetes;o__Togniniales;f__Togniniaceae,k__Fungi;p__Ascomycota;c__Sordariomycetes;o__Trichosphaeriales;f__Trichosphaeriaceae,k__Fungi;p__Ascomycota;c__Sordariomycetes;o__Xylariales;__,k__Fungi;p__Ascomycota;c__Sordariomycetes;o__Xylariales;f__Apiosporaceae,k__Fungi;p__Ascomycota;c__Sordariomycetes;o__Xylariales;f__Beltraniaceae,k__Fungi;p__Ascomycota;c__Sordariomycetes;o__Xylariales;f__Diatrypaceae,k__Fungi;p__Ascomycota;c__Sordariomycetes;o__Xylariales;f__Microdochiaceae,k__Fungi;p__Ascomycota;c__Sordariomycetes;o__Xylariales;f__Sporocadaceae,k__Fungi;p__Ascomycota;c__Sordariomycetes;o__Xylariales;f__Xylariaceae,k__Fungi;p__Ascomycota;c__Sordariomycetes;o__Xylariales;f__Xylariales_fam_Incertae_sedis,k__Fungi;p__Ascomycota;c__Sordariomycetes;o__Xylariales;f__unidentified,k__Fungi;p__Ascomycota;c__Sordariomycetes;o__unidentified;f__unidentified,k__Fungi;p__Ascomycota;c__unidentified;o__unidentified;f__unidentified,k__Fungi;p__Basidiobolomycota;c__Basidiobolomycetes;o__Basidiobolales;f__unidentified,k__Fungi;p__Basidiomycota;__;__;__,k__Fungi;p__Basidiomycota;c__Agaricomycetes;__;__,k__Fungi;p__Basidiomycota;c__Agaricomycetes;o__Agaricales;__,k__Fungi;p__Basidiomycota;c__Agaricomycetes;o__Agaricales;f__Agaricaceae,k__Fungi;p__Basidiomycota;c__Agaricomycetes;o__Agaricales;f__Amanitaceae,k__Fungi;p__Basidiomycota;c__Agaricomycetes;o__Agaricales;f__Bolbitiaceae,k__Fungi;p__Basidiomycota;c__Agaricomycetes;o__Agaricales;f__Clavariaceae,k__Fungi;p__Basidiomycota;c__Agaricomycetes;o__Agaricales;f__Cortinariaceae,k__Fungi;p__Basidiomycota;c__Agaricomycetes;o__Agaricales;f__Entolomataceae,k__Fungi;p__Basidiomycota;c__Agaricomycetes;o__Agaricales;f__Hydnangiaceae,k__Fungi;p__Basidiomycota;c__Agaricomycetes;o__Agaricales;f__Hygrophoraceae,k__Fungi;p__Basidiomycota;c__Agaricomycetes;o__Agaricales;f__Lycoperdaceae,k__Fungi;p__Basidiomycota;c__Agaricomycetes;o__Agaricales;f__Lyophyllaceae,k__Fungi;p__Basidiomycota;c__Agaricomycetes;o__Agaricales;f__Marasmiaceae,k__Fungi;p__Basidiomycota;c__Agaricomycetes;o__Agaricales;f__Omphalotaceae,k__Fungi;p__Basidiomycota;c__Agaricomycetes;o__Agaricales;f__Physalacriaceae,k__Fungi;p__Basidiomycota;c__Agaricomycetes;o__Agaricales;f__Pluteaceae,k__Fungi;p__Basidiomycota;c__Agaricomycetes;o__Agaricales;f__Psathyrellaceae,k__Fungi;p__Basidiomycota;c__Agaricomycetes;o__Agaricales;f__Stephanosporaceae,k__Fungi;p__Basidiomycota;c__Agaricomycetes;o__Agaricales;f__Strophariaceae,k__Fungi;p__Basidiomycota;c__Agaricomycetes;o__Agaricales;f__Tricholomataceae,k__Fungi;p__Basidiomycota;c__Agaricomycetes;o__Agaricales;f__unidentified,k__Fungi;p__Basidiomycota;c__Agaricomycetes;o__Auriculariales;__,k__Fungi;p__Basidiomycota;c__Agaricomycetes;o__Auriculariales;f__Hyaloriaceae,k__Fungi;p__Basidiomycota;c__Agaricomycetes;o__Auriculariales;f__unidentified,k__Fungi;p__Basidiomycota;c__Agaricomycetes;o__Boletales;f__Coniophoraceae,k__Fungi;p__Basidiomycota;c__Agaricomycetes;o__Boletales;f__Pisolithaceae,k__Fungi;p__Basidiomycota;c__Agaricomycetes;o__Boletales;f__Suillaceae,k__Fungi;p__Basidiomycota;c__Agaricomycetes;o__Cantharellales;__,k__Fungi;p__Basidiomycota;c__Agaricomycetes;o__Cantharellales;f__Botryobasidiaceae,k__Fungi;p__Basidiomycota;c__Agaricomycetes;o__Cantharellales;f__Ceratobasidiaceae,k__Fungi;p__Basidiomycota;c__Agaricomycetes;o__Cantharellales;f__unidentified,k__Fungi;p__Basidiomycota;c__Agaricomycetes;o__Corticiales;f__Vuilleminiaceae,k__Fungi;p__Basidiomycota;c__Agaricomycetes;o__Geastrales;f__Geastraceae,k__Fungi;p__Basidiomycota;c__Agaricomycetes;o__Geastrales;f__Sclerogastraceae,k__Fungi;p__Basidiomycota;c__Agaricomycetes;o__Gomphales;f__Gomphaceae,k__Fungi;p__Basidiomycota;c__Agaricomycetes;o__Hymenochaetales;f__Schizoporaceae,k__Fungi;p__Basidiomycota;c__Agaricomycetes;o__Hymenochaetales;f__unidentified,k__Fungi;p__Basidiomycota;c__Agaricomycetes;o__Phallales;f__Clathraceae,k__Fungi;p__Basidiomycota;c__Agaricomycetes;o__Phallales;f__Phallaceae,k__Fungi;p__Basidiomycota;c__Agaricomycetes;o__Polyporales;__,k__Fungi;p__Basidiomycota;c__Agaricomycetes;o__Polyporales;f__Fomitopsidaceae,k__Fungi;p__Basidiomycota;c__Agaricomycetes;o__Polyporales;f__Ganodermataceae,k__Fungi;p__Basidiomycota;c__Agaricomycetes;o__Polyporales;f__Irpicaceae,k__Fungi;p__Basidiomycota;c__Agaricomycetes;o__Polyporales;f__Meripilaceae,k__Fungi;p__Basidiomycota;c__Agaricomycetes;o__Polyporales;f__Polyporaceae,k__Fungi;p__Basidiomycota;c__Agaricomycetes;o__Russulales;__,k__Fungi;p__Basidiomycota;c__Agaricomycetes;o__Russulales;f__Lachnocladiaceae,k__Fungi;p__Basidiomycota;c__Agaricomycetes;o__Russulales;f__Peniophoraceae,k__Fungi;p__Basidiomycota;c__Agaricomycetes;o__Russulales;f__Russulaceae,k__Fungi;p__Basidiomycota;c__Agaricomycetes;o__Sebacinales;__,k__Fungi;p__Basidiomycota;c__Agaricomycetes;o__Sebacinales;f__Sebacinaceae,k__Fungi;p__Basidiomycota;c__Agaricomycetes;o__Sebacinales;f__Serendipitaceae,k__Fungi;p__Basidiomycota;c__Agaricomycetes;o__Sebacinales;f__unidentified,k__Fungi;p__Basidiomycota;c__Agaricomycetes;o__Thelephorales;f__Bankeraceae,k__Fungi;p__Basidiomycota;c__Agaricomycetes;o__Thelephorales;f__Thelephoraceae,k__Fungi;p__Basidiomycota;c__Agaricomycetes;o__Trechisporales;__,k__Fungi;p__Basidiomycota;c__Agaricomycetes;o__Trechisporales;f__Hydnodontaceae,k__Fungi;p__Basidiomycota;c__Agaricomycetes;o__Trechisporales;f__unidentified,k__Fungi;p__Basidiomycota;c__Agaricomycetes;o__Tremellodendropsidales;f__unidentified,k__Fungi;p__Basidiomycota;c__Agaricomycetes;o__unidentified;f__unidentified,k__Fungi;p__Basidiomycota;c__Agaricostilbomycetes;o__Agaricostilbales;__,k__Fungi;p__Basidiomycota;c__Agaricostilbomycetes;o__Agaricostilbales;f__Agaricostilbaceae,k__Fungi;p__Basidiomycota;c__Atractiellomycetes;o__Atractiellales;__,k__Fungi;p__Basidiomycota;c__Atractiellomycetes;o__Atractiellales;f__Atractiellales_fam_Incertae_sedis,k__Fungi;p__Basidiomycota;c__Atractiellomycetes;o__Atractiellales;f__unidentified,k__Fungi;p__Basidiomycota;c__Cystobasidiomycetes;__;__,k__Fungi;p__Basidiomycota;c__Cystobasidiomycetes;o__Cystobasidiales;f__Cystobasidiaceae,k__Fungi;p__Basidiomycota;c__Cystobasidiomycetes;o__Cystobasidiomycetes_ord_Incertae_sedis;f__Symmetrosporaceae,k__Fungi;p__Basidiomycota;c__Cystobasidiomycetes;o__Erythrobasidiales;f__Erythrobasidiales_fam_Incertae_sedis,k__Fungi;p__Basidiomycota;c__Dacrymycetes;o__Dacrymycetales;f__Dacrymycetaceae,k__Fungi;p__Basidiomycota;c__GS25;o__GS25;f__unidentified,k__Fungi;p__Basidiomycota;c__Geminibasidiomycetes;o__Geminibasidiales;f__Geminibasidiaceae,k__Fungi;p__Basidiomycota;c__Microbotryomycetes;__;__,k__Fungi;p__Basidiomycota;c__Microbotryomycetes;o__Leucosporidiales;f__Leucosporidiaceae,k__Fungi;p__Basidiomycota;c__Microbotryomycetes;o__Leucosporidiales;f__unidentified,k__Fungi;p__Basidiomycota;c__Microbotryomycetes;o__Microbotryomycetes_ord_Incertae_sedis;f__Chrysozymaceae,k__Fungi;p__Basidiomycota;c__Microbotryomycetes;o__Microbotryomycetes_ord_Incertae_sedis;f__Microbotryomycetes_fam_Incertae_sedis,k__Fungi;p__Basidiomycota;c__Pucciniomycetes;__;__,k__Fungi;p__Basidiomycota;c__Pucciniomycetes;o__Pucciniales;f__unidentified,k__Fungi;p__Basidiomycota;c__Pucciniomycetes;o__Septobasidiales;f__Septobasidiaceae,k__Fungi;p__Basidiomycota;c__Spiculogloeomycetes;o__Spiculogloeales;__,k__Fungi;p__Basidiomycota;c__Spiculogloeomycetes;o__Spiculogloeales;f__unidentified,k__Fungi;p__Basidiomycota;c__Tremellomycetes;__;__,k__Fungi;p__Basidiomycota;c__Tremellomycetes;o__Cystofilobasidiales;f__Cystofilobasidiaceae,k__Fungi;p__Basidiomycota;c__Tremellomycetes;o__Tremellales;__,k__Fungi;p__Basidiomycota;c__Tremellomycetes;o__Tremellales;f__Bulleribasidiaceae,k__Fungi;p__Basidiomycota;c__Tremellomycetes;o__Tremellales;f__Rhynchogastremataceae,k__Fungi;p__Basidiomycota;c__Tremellomycetes;o__Tremellales;f__Sirobasidiaceae,k__Fungi;p__Basidiomycota;c__Tremellomycetes;o__Tremellales;f__Tremellaceae,k__Fungi;p__Basidiomycota;c__Tremellomycetes;o__Tremellales;f__Trimorphomycetaceae,k__Fungi;p__Basidiomycota;c__Tremellomycetes;o__Tremellales;f__unidentified,k__Fungi;p__Basidiomycota;c__Tremellomycetes;o__Trichosporonales;__,k__Fungi;p__Basidiomycota;c__Tremellomycetes;o__Trichosporonales;f__Tetragoniomycetaceae,k__Fungi;p__Basidiomycota;c__Tremellomycetes;o__Trichosporonales;f__Trichosporonaceae,k__Fungi;p__Basidiomycota;c__Tremellomycetes;o__Trichosporonales;f__unidentified,k__Fungi;p__Basidiomycota;c__Tremellomycetes;o__unidentified;f__unidentified,k__Fungi;p__Basidiomycota;c__Tritirachiomycetes;o__Tritirachiales;__,k__Fungi;p__Basidiomycota;c__Tritirachiomycetes;o__Tritirachiales;f__Tritirachiaceae,k__Fungi;p__Basidiomycota;c__Tritirachiomycetes;o__Tritirachiales;f__unidentified,k__Fungi;p__Basidiomycota;c__Ustilaginomycetes;o__Ustilaginales;f__Ustilaginaceae,k__Fungi;p__Basidiomycota;c__unidentified;o__unidentified;f__unidentified,k__Fungi;p__Blastocladiomycota;c__unidentified;o__unidentified;f__unidentified,k__Fungi;p__Calcarisporiellomycota;c__Calcarisporiellomycetes;o__Calcarisporiellales;f__Calcarisporiellaceae,k__Fungi;p__Chytridiomycota;__;__;__,k__Fungi;p__Chytridiomycota;c__Chytridiomycetes;o__unidentified;f__unidentified,k__Fungi;p__Chytridiomycota;c__Cladochytriomycetes;o__Cladochytriales;f__Septochytriaceae,k__Fungi;p__Chytridiomycota;c__Rhizophlyctidomycetes;o__Rhizophlyctidales;__,k__Fungi;p__Chytridiomycota;c__Rhizophlyctidomycetes;o__Rhizophlyctidales;f__Rhizophlyctidaceae,k__Fungi;p__Chytridiomycota;c__Rhizophydiomycetes;o__Rhizophydiales;f__Rhizophydiaceae,k__Fungi;p__Chytridiomycota;c__Rhizophydiomycetes;o__Rhizophydiales;f__Rhizophydiales_fam_Incertae_sedis,k__Fungi;p__Chytridiomycota;c__Rhizophydiomycetes;o__Rhizophydiales;f__Terramycetaceae,k__Fungi;p__Chytridiomycota;c__Rhizophydiomycetes;o__Rhizophydiales;f__unidentified,k__Fungi;p__Chytridiomycota;c__Spizellomycetes;o__Spizellomycetales;f__Powellomycetaceae,k__Fungi;p__Chytridiomycota;c__Spizellomycetes;o__Spizellomycetales;f__Spizellomycetaceae,k__Fungi;p__Chytridiomycota;c__Spizellomycetes;o__Spizellomycetales;f__unidentified,k__Fungi;p__Chytridiomycota;c__Synchytriomycetes;o__Synchytriales;f__Synchytriaceae,k__Fungi;p__Chytridiomycota;c__unidentified;o__unidentified;f__unidentified,k__Fungi;p__Entorrhizomycota;c__Entorrhizomycetes;o__Entorrhizales;f__Entorrhizaceae,k__Fungi;p__Glomeromycota;__;__;__,k__Fungi;p__Glomeromycota;c__Archaeosporomycetes;o__Archaeosporales;__,k__Fungi;p__Glomeromycota;c__Archaeosporomycetes;o__Archaeosporales;f__Archaeosporaceae,k__Fungi;p__Glomeromycota;c__Glomeromycetes;o__Diversisporales;f__Acaulosporaceae,k__Fungi;p__Glomeromycota;c__Glomeromycetes;o__Diversisporales;f__Diversisporaceae,k__Fungi;p__Glomeromycota;c__Glomeromycetes;o__Gigasporales;f__Gigasporaceae,k__Fungi;p__Glomeromycota;c__Glomeromycetes;o__Glomerales;__,k__Fungi;p__Glomeromycota;c__Glomeromycetes;o__Glomerales;f__Claroideoglomeraceae,k__Fungi;p__Glomeromycota;c__Glomeromycetes;o__Glomerales;f__Glomeraceae,k__Fungi;p__Glomeromycota;c__Paraglomeromycetes;__;__,k__Fungi;p__Glomeromycota;c__Paraglomeromycetes;o__Paraglomerales;f__Paraglomeraceae,k__Fungi;p__Glomeromycota;c__Paraglomeromycetes;o__Paraglomerales;f__unidentified,k__Fungi;p__Glomeromycota;c__unidentified;o__unidentified;f__unidentified,k__Fungi;p__Kickxellomycota;__;__;__,k__Fungi;p__Kickxellomycota;c__GS19;o__unidentified;f__unidentified,k__Fungi;p__Kickxellomycota;c__Kickxellomycetes;o__Kickxellales;f__Kickxellaceae,k__Fungi;p__Kickxellomycota;c__Kickxellomycetes;o__Kickxellales;f__unidentified,k__Fungi;p__Kickxellomycota;c__unidentified;o__unidentified;f__unidentified,k__Fungi;p__Mortierellomycota;c__Mortierellomycetes;o__Mortierellales;__,k__Fungi;p__Mortierellomycota;c__Mortierellomycetes;o__Mortierellales;f__Mortierellaceae,k__Fungi;p__Mortierellomycota;c__Mortierellomycetes;o__Mortierellales;f__unidentified,k__Fungi;p__Mucoromycota;c__Endogonomycetes;o__Endogonales;f__unidentified,k__Fungi;p__Mucoromycota;c__Endogonomycetes;o__GS21;f__unidentified,k__Fungi;p__Mucoromycota;c__Endogonomycetes;o__GS22;f__unidentified,k__Fungi;p__Mucoromycota;c__Endogonomycetes;o__unidentified;f__unidentified,k__Fungi;p__Mucoromycota;c__Mucoromycetes;o__Mucorales;f__Backusellaceae,k__Fungi;p__Mucoromycota;c__Mucoromycetes;o__Mucorales;f__Cunninghamellaceae,k__Fungi;p__Mucoromycota;c__Mucoromycetes;o__Mucorales;f__Mucoraceae,k__Fungi;p__Mucoromycota;c__Umbelopsidomycetes;o__GS23;f__unidentified,k__Fungi;p__Rozellomycota;__;__;__,k__Fungi;p__Rozellomycota;c__Rozellomycotina_cls_Incertae_sedis;o__Branch02;f__unidentified,k__Fungi;p__Rozellomycota;c__Rozellomycotina_cls_Incertae_sedis;o__GS05;f__unidentified,k__Fungi;p__Rozellomycota;c__Rozellomycotina_cls_Incertae_sedis;o__GS06;f__unidentified,k__Fungi;p__Rozellomycota;c__Rozellomycotina_cls_Incertae_sedis;o__GS07;f__unidentified,k__Fungi;p__Rozellomycota;c__Rozellomycotina_cls_Incertae_sedis;o__GS08;f__unidentified,k__Fungi;p__Rozellomycota;c__Rozellomycotina_cls_Incertae_sedis;o__GS10;f__unidentified,k__Fungi;p__Rozellomycota;c__Rozellomycotina_cls_Incertae_sedis;o__GS11;f__unidentified,k__Fungi;p__Rozellomycota;c__unidentified;o__unidentified;f__unidentified,k__Fungi;p__Zoopagomycota;c__Zoopagomycetes;o__Zoopagales;f__unidentified,k__Fungi;p__Zoopagomycota;c__unidentified;o__unidentified;f__unidentified,k__Fungi;p__unidentified;c__unidentified;o__unidentified;f__unidentified
SE4602_J4816,518.0,26.0,0.0,31.0,2.0,12.0,7.0,10.0,0.0,0.0,0.0,0.0,55.0,0.0,0.0,0.0,0.0,0.0,0.0,0.0,67.0,0.0,5.0,99.0,0.0,0.0,25.0,0.0,11.0,0.0,0.0,0.0,6.0,3.0,4.0,0.0,6.0,0.0,0.0,0.0,0.0,0.0,41.0,0.0,0.0,17.0,0.0,26.0,0.0,93.0,3.0,9.0,0.0,0.0,504.0,0.0,232.0,3.0,0.0,0.0,0.0,3.0,0.0,5.0,0.0,3.0,0.0,0.0,7.0,0.0,0.0,0.0,2.0,0.0,0.0,0.0,0.0,3.0,0.0,0.0,13.0,34.0,0.0,4.0,0.0,2.0,8.0,0.0,0.0,0.0,0.0,8.0,0.0,0.0,11.0,0.0,3.0,0.0,45.0,5.0,0.0,0.0,0.0,3.0,0.0,0.0,0.0,0.0,0.0,0.0,0.0,0.0,5.0,0.0,2.0,0.0,0.0,0.0,32.0,0.0,0.0,0.0,0.0,164.0,14.0,4.0,0.0,0.0,0.0,0.0,0.0,0.0,0.0,6.0,26.0,0.0,3.0,42.0,13.0,376.0,41.0,168.0,3.0,589.0,0.0,456.0,0.0,0.0,0.0,0.0,0.0,0.0,16.0,0.0,0.0,0.0,0.0,0.0,0.0,0.0,0.0,289.0,0.0,522.0,0.0,16.0,0.0,23.0,10.0,0.0,0.0,12.0,0.0,0.0,0.0,0.0,18.0,96.0,0.0,3.0,2.0,31.0,0.0,0.0,0.0,43.0,59.0,0.0,0.0,15.0,0.0,16.0,0.0,47.0,0.0,0.0,0.0,0.0,0.0,6.0,14.0,53.0,5.0,0.0,0.0,0.0,0.0,0.0,0.0,0.0,0.0,3.0,0.0,0.0,0.0,0.0,17.0,0.0,0.0,0.0,0.0,0.0,61.0,0.0,0.0,59.0,0.0,0.0,0.0,0.0,0.0,0.0,0.0,0.0,0.0,0.0,0.0,0.0,14.0,0.0,4.0,0.0,15.0,20.0,0.0,0.0,0.0,0.0,20.0,0.0,0.0,0.0,0.0,0.0,0.0,0.0,0.0,0.0,0.0,0.0,11.0,0.0,0.0,0.0,0.0,11.0,0.0,0.0,627.0,8.0,4.0,0.0,0.0,0.0,0.0,0.0,0.0,353.0,0.0,0.0,0.0,0.0,0.0,0.0,0.0,0.0,4.0,0.0,0.0,0.0,0.0,0.0,2.0,0.0,2.0,11.0,0.0,0.0,0.0,0.0,0.0,51.0,0.0,0.0,0.0,0.0,0.0,0.0,0.0,0.0,0.0,0.0,0.0,0.0,0.0,0.0,5.0,45.0,4.0,0.0,0.0,291.0,0.0,0.0,0.0,0.0,0.0,0.0,311.0,0.0,0.0,0.0,0.0,0.0,0.0,0.0,10.0,2.0,4.0,36.0,0.0,0.0,80.0
SE4603_J4816,2276.0,11.0,0.0,24.0,0.0,11.0,2.0,6.0,0.0,0.0,0.0,0.0,30.0,0.0,0.0,0.0,0.0,0.0,0.0,0.0,28.0,0.0,0.0,24.0,0.0,0.0,35.0,34.0,6.0,0.0,0.0,0.0,8.0,0.0,11.0,0.0,11.0,0.0,3.0,0.0,3.0,0.0,21.0,0.0,0.0,0.0,0.0,22.0,3.0,57.0,0.0,18.0,0.0,0.0,427.0,0.0,254.0,10.0,6.0,0.0,0.0,15.0,0.0,5.0,0.0,15.0,0.0,0.0,0.0,0.0,0.0,0.0,0.0,0.0,0.0,0.0,0.0,0.0,0.0,0.0,22.0,58.0,0.0,0.0,2.0,0.0,0.0,0.0,31.0,0.0,0.0,12.0,0.0,0.0,34.0,22.0,0.0,0.0,36.0,0.0,0.0,0.0,0.0,0.0,0.0,0.0,0.0,0.0,0.0,0.0,0.0,0.0,0.0,0.0,0.0,0.0,6.0,0.0,84.0,0.0,0.0,0.0,0.0,366.0,6.0,0.0,0.0,4.0,0.0,2.0,0.0,0.0,0.0,0.0,18.0,0.0,0.0,46.0,19.0,309.0,18.0,166.0,5.0,456.0,0.0,479.0,40.0,0.0,3.0,0.0,0.0,0.0,29.0,2.0,0.0,0.0,0.0,8.0,0.0,8.0,0.0,4.0,0.0,629.0,0.0,16.0,0.0,15.0,0.0,0.0,0.0,10.0,0.0,0.0,0.0,0.0,0.0,82.0,0.0,11.0,0.0,22.0,0.0,0.0,0.0,0.0,7.0,0.0,0.0,2.0,0.0,10.0,0.0,65.0,9.0,0.0,0.0,0.0,0.0,4.0,0.0,18.0,0.0,3.0,0.0,0.0,0.0,0.0,0.0,0.0,0.0,0.0,16.0,0.0,0.0,0.0,16.0,0.0,0.0,0.0,0.0,0.0,32.0,0.0,0.0,35.0,0.0,0.0,0.0,0.0,0.0,0.0,0.0,0.0,0.0,0.0,0.0,0.0,5.0,0.0,0.0,0.0,0.0,38.0,0.0,0.0,0.0,0.0,3.0,0.0,0.0,0.0,0.0,0.0,0.0,0.0,0.0,0.0,0.0,0.0,0.0,0.0,0.0,0.0,0.0,0.0,10.0,0.0,655.0,0.0,0.0,0.0,0.0,0.0,0.0,0.0,0.0,276.0,0.0,0.0,0.0,0.0,0.0,0.0,0.0,0.0,2.0,0.0,0.0,0.0,0.0,0.0,0.0,0.0,0.0,0.0,0.0,0.0,0.0,0.0,0.0,0.0,0.0,0.0,0.0,0.0,0.0,0.0,0.0,0.0,0.0,0.0,0.0,2.0,0.0,0.0,0.0,33.0,6.0,0.0,0.0,316.0,0.0,0.0,0.0,0.0,0.0,0.0,272.0,0.0,0.0,0.0,0.0,0.0,0.0,0.0,0.0,2.0,18.0,24.0,0.0,0.0,48.0
SE4604_J4816,1415.0,21.0,0.0,137.0,0.0,17.0,2.0,2.0,6.0,0.0,0.0,0.0,0.0,0.0,0.0,0.0,0.0,0.0,0.0,0.0,189.0,2.0,0.0,0.0,0.0,0.0,0.0,5.0,0.0,0.0,0.0,7.0,17.0,2.0,2.0,0.0,63.0,0.0,11.0,7.0,7.0,0.0,43.0,0.0,0.0,9.0,0.0,167.0,0.0,39.0,0.0,2.0,0.0,0.0,566.0,0.0,15.0,25.0,6.0,0.0,0.0,0.0,0.0,92.0,0.0,460.0,0.0,0.0,0.0,0.0,0.0,6.0,0.0,0.0,0.0,0.0,0.0,0.0,0.0,2.0,15.0,35.0,0.0,0.0,0.0,9.0,0.0,0.0,41.0,0.0,0.0,4.0,0.0,38.0,133.0,0.0,0.0,4.0,38.0,0.0,11.0,16.0,0.0,0.0,2.0,0.0,0.0,3.0,9.0,0.0,0.0,0.0,0.0,0.0,2.0,0.0,0.0,11.0,163.0,0.0,7.0,0.0,0.0,357.0,41.0,305.0,0.0,2.0,0.0,3.0,0.0,0.0,0.0,0.0,6.0,0.0,0.0,129.0,86.0,399.0,72.0,101.0,0.0,288.0,0.0,31.0,21.0,0.0,17.0,0.0,17.0,0.0,9.0,30.0,0.0,0.0,0.0,27.0,6.0,8.0,5.0,41.0,0.0,803.0,0.0,240.0,0.0,28.0,49.0,3.0,0.0,44.0,2.0,0.0,0.0,0.0,8.0,12.0,0.0,19.0,0.0,59.0,0.0,0.0,0.0,0.0,27.0,0.0,5.0,9.0,0.0,13.0,0.0,0.0,0.0,0.0,0.0,25.0,15.0,0.0,17.0,2.0,9.0,0.0,0.0,2.0,0.0,2.0,0.0,0.0,0.0,0.0,0.0,3.0,0.0,0.0,0.0,30.0,0.0,0.0,0.0,0.0,34.0,5.0,0.0,33.0,0.0,0.0,4.0,0.0,0.0,0.0,0.0,0.0,0.0,0.0,0.0,0.0,0.0,0.0,20.0,0.0,0.0,5.0,0.0,0.0,0.0,0.0,0.0,0.0,0.0,0.0,0.0,0.0,0.0,0.0,3.0,0.0,0.0,0.0,5.0,5.0,0.0,0.0,0.0,28.0,9.0,0.0,336.0,0.0,2.0,0.0,6.0,0.0,38.0,0.0,0.0,391.0,0.0,0.0,0.0,0.0,0.0,0.0,0.0,0.0,0.0,0.0,0.0,0.0,0.0,5.0,0.0,3.0,22.0,5.0,0.0,0.0,0.0,0.0,12.0,0.0,18.0,0.0,0.0,0.0,3.0,0.0,0.0,6.0,28.0,0.0,0.0,0.0,0.0,6.0,3.0,26.0,9.0,0.0,0.0,429.0,0.0,0.0,0.0,0.0,0.0,0.0,17.0,0.0,0.0,0.0,0.0,0.0,3.0,0.0,0.0,3.0,224.0,55.0,0.0,0.0,15.0
SE4605_J4816,519.0,20.0,0.0,70.0,0.0,21.0,0.0,8.0,0.0,0.0,0.0,0.0,0.0,0.0,0.0,0.0,0.0,0.0,0.0,0.0,61.0,10.0,5.0,12.0,0.0,0.0,0.0,0.0,3.0,0.0,0.0,0.0,5.0,0.0,0.0,0.0,25.0,0.0,27.0,6.0,0.0,0.0,33.0,7.0,0.0,0.0,0.0,186.0,0.0,41.0,4.0,0.0,0.0,0.0,577.0,0.0,209.0,16.0,5.0,3.0,6.0,3.0,0.0,26.0,0.0,181.0,0.0,0.0,0.0,0.0,0.0,0.0,2.0,0.0,0.0,0.0,0.0,0.0,0.0,7.0,0.0,62.0,0.0,0.0,0.0,11.0,0.0,0.0,75.0,0.0,0.0,0.0,0.0,7.0,150.0,0.0,6.0,0.0,14.0,2.0,18.0,17.0,0.0,0.0,6.0,0.0,0.0,5.0,0.0,0.0,0.0,0.0,0.0,0.0,0.0,0.0,0.0,7.0,149.0,7.0,4.0,0.0,0.0,240.0,102.0,148.0,0.0,0.0,17.0,0.0,0.0,0.0,0.0,5.0,0.0,0.0,0.0,176.0,33.0,370.0,32.0,59.0,0.0,219.0,0.0,89.0,6.0,4.0,9.0,0.0,34.0,0.0,11.0,11.0,0.0,9.0,0.0,6.0,36.0,12.0,4.0,54.0,0.0,610.0,0.0,284.0,0.0,11.0,20.0,0.0,0.0,15.0,2.0,0.0,5.0,0.0,0.0,26.0,0.0,16.0,2.0,76.0,0.0,0.0,5.0,0.0,53.0,0.0,6.0,17.0,0.0,21.0,0.0,0.0,7.0,0.0,0.0,0.0,7.0,0.0,24.0,0.0,2.0,6.0,0.0,0.0,0.0,0.0,0.0,0.0,0.0,0.0,2.0,0.0,0.0,0.0,3.0,84.0,0.0,0.0,0.0,0.0,17.0,2.0,0.0,65.0,0.0,0.0,0.0,0.0,0.0,0.0,0.0,0.0,0.0,0.0,0.0,0.0,0.0,0.0,39.0,0.0,0.0,3.0,0.0,0.0,0.0,0.0,0.0,0.0,0.0,0.0,0.0,0.0,0.0,0.0,2.0,0.0,0.0,0.0,0.0,6.0,6.0,0.0,16.0,40.0,2.0,0.0,497.0,0.0,6.0,0.0,0.0,0.0,63.0,0.0,0.0,179.0,0.0,0.0,0.0,0.0,0.0,0.0,0.0,0.0,0.0,0.0,0.0,0.0,0.0,0.0,0.0,0.0,6.0,9.0,0.0,0.0,0.0,0.0,5.0,0.0,0.0,0.0,0.0,0.0,0.0,0.0,0.0,0.0,24.0,0.0,0.0,0.0,0.0,0.0,2.0,31.0,0.0,0.0,0.0,324.0,0.0,2.0,0.0,0.0,0.0,0.0,14.0,0.0,0.0,0.0,0.0,2.0,2.0,4.0,0.0,3.0,72.0,23.0,0.0,0.0,6.0
SE4606_J4816,481.0,58.0,2.0,65.0,0.0,17.0,0.0,13.0,5.0,0.0,0.0,0.0,0.0,0.0,0.0,0.0,2.0,0.0,0.0,0.0,44.0,2.0,0.0,11.0,0.0,3.0,0.0,0.0,4.0,0.0,0.0,0.0,7.0,4.0,0.0,0.0,4.0,0.0,33.0,0.0,6.0,3.0,19.0,22.0,0.0,0.0,0.0,114.0,2.0,38.0,0.0,0.0,0.0,0.0,513.0,5.0,521.0,24.0,6.0,9.0,0.0,7.0,0.0,22.0,0.0,590.0,0.0,0.0,0.0,0.0,0.0,0.0,0.0,0.0,0.0,0.0,0.0,0.0,0.0,0.0,0.0,29.0,0.0,0.0,0.0,6.0,0.0,0.0,76.0,0.0,0.0,2.0,0.0,0.0,114.0,0.0,11.0,0.0,30.0,0.0,6.0,78.0,0.0,0.0,10.0,0.0,0.0,0.0,6.0,0.0,0.0,0.0,0.0,0.0,0.0,0.0,0.0,0.0,113.0,0.0,9.0,0.0,0.0,244.0,122.0,79.0,0.0,0.0,41.0,3.0,0.0,0.0,0.0,0.0,0.0,0.0,0.0,38.0,34.0,326.0,0.0,81.0,0.0,192.0,0.0,57.0,25.0,7.0,0.0,0.0,11.0,0.0,3.0,13.0,0.0,9.0,0.0,15.0,63.0,0.0,0.0,82.0,0.0,584.0,0.0,737.0,0.0,17.0,12.0,2.0,0.0,26.0,0.0,0.0,5.0,0.0,0.0,10.0,0.0,25.0,6.0,97.0,0.0,0.0,0.0,2.0,63.0,0.0,0.0,48.0,0.0,22.0,0.0,0.0,0.0,0.0,0.0,0.0,16.0,2.0,43.0,0.0,17.0,5.0,6.0,0.0,0.0,0.0,0.0,0.0,0.0,0.0,0.0,0.0,0.0,0.0,4.0,31.0,0.0,0.0,0.0,0.0,20.0,2.0,0.0,56.0,0.0,0.0,0.0,0.0,0.0,0.0,0.0,0.0,0.0,0.0,0.0,0.0,0.0,0.0,4.0,0.0,0.0,8.0,0.0,0.0,0.0,0.0,5.0,2.0,0.0,0.0,0.0,0.0,0.0,4.0,0.0,0.0,0.0,0.0,0.0,4.0,5.0,0.0,37.0,17.0,0.0,0.0,382.0,0.0,0.0,0.0,0.0,0.0,55.0,0.0,0.0,434.0,0.0,0.0,0.0,0.0,0.0,0.0,0.0,0.0,0.0,3.0,0.0,0.0,0.0,0.0,0.0,0.0,5.0,13.0,0.0,0.0,0.0,0.0,7.0,0.0,44.0,22.0,0.0,0.0,22.0,0.0,0.0,7.0,39.0,0.0,0.0,0.0,0.0,0.0,3.0,10.0,0.0,0.0,0.0,295.0,0.0,0.0,0.0,0.0,0.0,0.0,18.0,0.0,0.0,0.0,0.0,0.0,0.0,0.0,0.0,5.0,35.0,39.0,0.0,0.0,7.0
SE4607_J4816,1197.0,57.0,4.0,152.0,0.0,26.0,6.0,12.0,0.0,0.0,0.0,0.0,0.0,0.0,0.0,0.0,0.0,0.0,4.0,0.0,111.0,0.0,9.0,0.0,0.0,5.0,0.0,0.0,2.0,0.0,0.0,2.0,13.0,14.0,3.0,0.0,3.0,0.0,18.0,0.0,0.0,0.0,30.0,0.0,0.0,4.0,0.0,108.0,5.0,62.0,0.0,4.0,0.0,2.0,801.0,0.0,471.0,47.0,10.0,0.0,0.0,20.0,0.0,22.0,2.0,175.0,0.0,0.0,0.0,0.0,0.0,0.0,0.0,0.0,0.0,0.0,0.0,0.0,0.0,3.0,0.0,54.0,0.0,7.0,0.0,6.0,3.0,0.0,73.0,0.0,0.0,20.0,0.0,2.0,280.0,0.0,45.0,0.0,43.0,0.0,15.0,9.0,0.0,5.0,0.0,0.0,0.0,0.0,0.0,3.0,0.0,0.0,0.0,4.0,0.0,0.0,0.0,12.0,193.0,0.0,7.0,0.0,0.0,452.0,189.0,703.0,0.0,0.0,9.0,0.0,0.0,0.0,0.0,0.0,3.0,4.0,0.0,124.0,13.0,461.0,5.0,105.0,0.0,307.0,0.0,164.0,19.0,81.0,0.0,0.0,33.0,0.0,8.0,14.0,0.0,5.0,0.0,27.0,134.0,4.0,0.0,319.0,0.0,1351.0,0.0,612.0,0.0,7.0,129.0,0.0,0.0,124.0,0.0,0.0,0.0,2.0,0.0,20.0,0.0,155.0,14.0,571.0,0.0,0.0,0.0,3.0,71.0,0.0,66.0,23.0,0.0,17.0,0.0,0.0,9.0,0.0,0.0,0.0,17.0,35.0,55.0,4.0,123.0,0.0,8.0,0.0,0.0,323.0,0.0,0.0,0.0,0.0,0.0,8.0,0.0,0.0,0.0,68.0,0.0,0.0,0.0,0.0,18.0,0.0,0.0,75.0,0.0,0.0,0.0,0.0,0.0,0.0,0.0,0.0,0.0,0.0,0.0,0.0,0.0,0.0,9.0,0.0,0.0,11.0,0.0,0.0,0.0,0.0,48.0,0.0,0.0,0.0,0.0,0.0,5.0,5.0,23.0,0.0,0.0,0.0,0.0,10.0,0.0,0.0,122.0,86.0,2.0,0.0,552.0,0.0,0.0,0.0,0.0,0.0,88.0,0.0,0.0,437.0,0.0,0.0,0.0,0.0,0.0,0.0,0.0,0.0,0.0,0.0,0.0,0.0,0.0,0.0,0.0,0.0,6.0,5.0,0.0,0.0,0.0,0.0,18.0,0.0,12.0,0.0,0.0,0.0,0.0,0.0,0.0,0.0,10.0,0.0,0.0,0.0,0.0,0.0,6.0,10.0,0.0,0.0,0.0,378.0,0.0,0.0,0.0,0.0,0.0,0.0,32.0,0.0,0.0,0.0,0.0,0.0,59.0,0.0,0.0,16.0,18.0,71.0,0.0,0.0,28.0
SE4608_J4816,1923.0,46.0,0.0,38.0,0.0,134.0,0.0,15.0,0.0,0.0,0.0,2.0,5.0,0.0,0.0,4.0,0.0,0.0,0.0,0.0,147.0,0.0,5.0,93.0,0.0,0.0,3.0,0.0,30.0,0.0,0.0,0.0,10.0,24.0,0.0,0.0,9.0,0.0,11.0,2.0,0.0,0.0,8.0,0.0,0.0,0.0,0.0,42.0,0.0,25.0,0.0,6.0,0.0,0.0,762.0,2.0,77.0,32.0,0.0,3.0,0.0,0.0,2.0,24.0,0.0,75.0,0.0,0.0,0.0,0.0,0.0,0.0,0.0,2.0,0.0,0.0,0.0,0.0,0.0,0.0,0.0,46.0,0.0,0.0,0.0,0.0,0.0,0.0,25.0,0.0,0.0,57.0,0.0,0.0,10.0,3.0,10.0,0.0,75.0,0.0,3.0,3.0,0.0,4.0,4.0,0.0,0.0,0.0,12.0,0.0,0.0,0.0,0.0,0.0,19.0,0.0,0.0,0.0,74.0,18.0,3.0,0.0,0.0,274.0,0.0,59.0,0.0,0.0,0.0,5.0,0.0,0.0,0.0,0.0,16.0,0.0,0.0,103.0,5.0,425.0,84.0,195.0,0.0,527.0,0.0,468.0,0.0,0.0,3.0,0.0,90.0,0.0,0.0,27.0,0.0,0.0,0.0,36.0,37.0,0.0,27.0,65.0,7.0,796.0,0.0,138.0,2.0,11.0,22.0,0.0,0.0,134.0,0.0,0.0,0.0,0.0,5.0,21.0,0.0,11.0,4.0,255.0,0.0,0.0,0.0,9.0,46.0,0.0,4.0,0.0,0.0,13.0,4.0,0.0,0.0,21.0,185.0,0.0,0.0,0.0,12.0,18.0,0.0,1107.0,0.0,0.0,50.0,0.0,0.0,0.0,0.0,0.0,0.0,10.0,0.0,0.0,24.0,0.0,0.0,0.0,0.0,2.0,25.0,0.0,0.0,88.0,0.0,0.0,0.0,0.0,0.0,0.0,0.0,0.0,0.0,0.0,8.0,4.0,0.0,0.0,0.0,0.0,0.0,12.0,0.0,0.0,0.0,2.0,86.0,0.0,3.0,0.0,10.0,0.0,0.0,2.0,0.0,0.0,0.0,0.0,0.0,0.0,0.0,0.0,0.0,70.0,0.0,0.0,610.0,0.0,0.0,0.0,0.0,0.0,0.0,0.0,0.0,24.0,0.0,22.0,0.0,0.0,0.0,0.0,4.0,3.0,0.0,0.0,0.0,0.0,0.0,0.0,0.0,0.0,16.0,0.0,0.0,0.0,0.0,2.0,2.0,0.0,0.0,0.0,0.0,0.0,0.0,0.0,3.0,0.0,8.0,0.0,0.0,0.0,0.0,0.0,15.0,41.0,0.0,0.0,0.0,364.0,0.0,0.0,0.0,0.0,0.0,0.0,283.0,0.0,0.0,0.0,0.0,4.0,0.0,0.0,0.0,10.0,116.0,44.0,0.0,0.0,83.0
SE4609_J4816,1300.0,40.0,0.0,43.0,20.0,35.0,0.0,8.0,6.0,0.0,0.0,0.0,18.0,4.0,0.0,0.0,0.0,0.0,0.0,0.0,218.0,0.0,0.0,58.0,0.0,0.0,0.0,0.0,16.0,0.0,0.0,0.0,0.0,55.0,0.0,0.0,16.0,0.0,25.0,3.0,0.0,0.0,24.0,0.0,0.0,4.0,13.0,40.0,0.0,15.0,0.0,2.0,0.0,0.0,793.0,0.0,35.0,38.0,0.0,4.0,0.0,7.0,0.0,24.0,0.0,126.0,0.0,0.0,120.0,0.0,0.0,0.0,0.0,0.0,0.0,0.0,0.0,0.0,0.0,0.0,0.0,55.0,0.0,0.0,0.0,3.0,0.0,0.0,7.0,0.0,0.0,8.0,0.0,0.0,10.0,18.0,8.0,0.0,80.0,32.0,0.0,6.0,0.0,9.0,14.0,0.0,0.0,5.0,11.0,0.0,0.0,0.0,0.0,0.0,0.0,0.0,0.0,0.0,35.0,0.0,0.0,0.0,0.0,237.0,6.0,29.0,0.0,0.0,0.0,4.0,0.0,0.0,0.0,0.0,0.0,0.0,0.0,79.0,11.0,363.0,80.0,64.0,16.0,404.0,0.0,402.0,0.0,0.0,6.0,0.0,8.0,0.0,0.0,36.0,0.0,0.0,0.0,26.0,18.0,0.0,21.0,37.0,0.0,546.0,0.0,17.0,7.0,6.0,7.0,0.0,5.0,8.0,0.0,0.0,0.0,2.0,11.0,8.0,0.0,3.0,10.0,41.0,0.0,0.0,0.0,0.0,62.0,0.0,9.0,19.0,0.0,17.0,0.0,31.0,14.0,35.0,5.0,0.0,7.0,0.0,5.0,0.0,0.0,0.0,0.0,0.0,48.0,0.0,0.0,0.0,0.0,0.0,0.0,7.0,0.0,0.0,23.0,0.0,0.0,2.0,0.0,3.0,32.0,0.0,0.0,111.0,0.0,0.0,0.0,0.0,0.0,0.0,0.0,0.0,0.0,0.0,0.0,0.0,0.0,0.0,5.0,0.0,0.0,47.0,0.0,0.0,0.0,0.0,20.0,0.0,0.0,0.0,0.0,0.0,0.0,0.0,0.0,0.0,0.0,0.0,0.0,0.0,0.0,0.0,0.0,5.0,0.0,0.0,535.0,0.0,0.0,0.0,0.0,0.0,0.0,0.0,0.0,16.0,0.0,0.0,0.0,0.0,0.0,0.0,0.0,0.0,2.0,0.0,0.0,0.0,0.0,0.0,0.0,0.0,37.0,2.0,0.0,0.0,0.0,14.0,0.0,0.0,0.0,0.0,0.0,0.0,0.0,0.0,0.0,0.0,40.0,0.0,0.0,0.0,0.0,0.0,20.0,29.0,15.0,0.0,0.0,236.0,0.0,0.0,0.0,0.0,0.0,0.0,218.0,0.0,0.0,4.0,0.0,0.0,0.0,0.0,0.0,10.0,196.0,47.0,0.0,0.0,12.0
SE4610_J4816,3227.0,0.0,0.0,21.0,0.0,54.0,13.0,8.0,0.0,0.0,0.0,0.0,60.0,0.0,0.0,0.0,0.0,0.0,0.0,5.0,49.0,0.0,2.0,30.0,0.0,0.0,18.0,0.0,2.0,0.0,0.0,0.0,0.0,5.0,2.0,0.0,14.0,0.0,0.0,7.0,0.0,0.0,17.0,0.0,0.0,12.0,0.0,16.0,0.0,33.0,0.0,4.0,0.0,0.0,728.0,0.0,76.0,12.0,4.0,0.0,0.0,3.0,0.0,2.0,0.0,102.0,0.0,3.0,0.0,0.0,0.0,0.0,0.0,0.0,0.0,0.0,0.0,0.0,0.0,6.0,14.0,21.0,0.0,4.0,0.0,0.0,0.0,0.0,25.0,0.0,0.0,11.0,0.0,0.0,26.0,2.0,0.0,0.0,20.0,0.0,0.0,0.0,0.0,9.0,0.0,0.0,0.0,0.0,3.0,0.0,0.0,3.0,0.0,0.0,0.0,0.0,4.0,0.0,122.0,0.0,6.0,0.0,2.0,360.0,5.0,6.0,0.0,0.0,5.0,4.0,0.0,0.0,0.0,3.0,0.0,0.0,0.0,55.0,27.0,601.0,15.0,166.0,0.0,175.0,0.0,412.0,7.0,0.0,0.0,0.0,0.0,0.0,0.0,0.0,0.0,0.0,0.0,89.0,4.0,0.0,15.0,12.0,0.0,736.0,0.0,76.0,0.0,43.0,6.0,0.0,7.0,12.0,0.0,0.0,0.0,0.0,58.0,25.0,0.0,0.0,5.0,43.0,0.0,0.0,0.0,0.0,149.0,0.0,0.0,2.0,0.0,25.0,0.0,0.0,8.0,238.0,0.0,0.0,2.0,0.0,19.0,7.0,5.0,473.0,0.0,0.0,5.0,2.0,0.0,0.0,0.0,0.0,0.0,17.0,0.0,0.0,0.0,2.0,0.0,4.0,0.0,20.0,77.0,0.0,0.0,64.0,0.0,0.0,0.0,0.0,0.0,0.0,0.0,7.0,0.0,0.0,0.0,0.0,6.0,0.0,6.0,0.0,3.0,26.0,0.0,0.0,0.0,0.0,0.0,0.0,0.0,0.0,0.0,0.0,0.0,0.0,0.0,0.0,0.0,0.0,0.0,0.0,0.0,0.0,0.0,0.0,0.0,3.0,206.0,0.0,0.0,0.0,0.0,0.0,0.0,0.0,0.0,59.0,0.0,0.0,0.0,0.0,0.0,0.0,6.0,0.0,0.0,0.0,0.0,0.0,0.0,7.0,0.0,0.0,0.0,0.0,0.0,0.0,0.0,3.0,0.0,7.0,0.0,0.0,0.0,0.0,0.0,0.0,0.0,0.0,7.0,0.0,0.0,0.0,6.0,0.0,5.0,32.0,0.0,0.0,0.0,224.0,0.0,0.0,0.0,0.0,0.0,0.0,209.0,0.0,0.0,0.0,0.0,5.0,0.0,0.0,0.0,27.0,34.0,46.0,0.0,0.0,12.0
SE4611_J4816,624.0,0.0,0.0,11.0,0.0,23.0,11.0,11.0,0.0,0.0,0.0,0.0,35.0,0.0,0.0,0.0,0.0,0.0,0.0,0.0,75.0,2.0,3.0,54.0,0.0,0.0,0.0,0.0,11.0,0.0,0.0,0.0,0.0,0.0,0.0,0.0,0.0,0.0,0.0,0.0,5.0,0.0,16.0,0.0,0.0,0.0,0.0,20.0,0.0,16.0,0.0,6.0,0.0,0.0,706.0,0.0,18.0,3.0,0.0,0.0,0.0,0.0,0.0,0.0,0.0,0.0,0.0,0.0,0.0,0.0,0.0,0.0,0.0,0.0,0.0,0.0,0.0,0.0,0.0,4.0,7.0,23.0,0.0,0.0,0.0,0.0,0.0,0.0,12.0,0.0,0.0,4.0,0.0,0.0,71.0,0.0,11.0,0.0,59.0,0.0,0.0,0.0,0.0,4.0,0.0,0.0,0.0,0.0,2.0,0.0,0.0,0.0,0.0,0.0,0.0,0.0,4.0,0.0,45.0,0.0,0.0,0.0,0.0,280.0,0.0,6.0,0.0,0.0,0.0,5.0,0.0,0.0,0.0,0.0,3.0,0.0,0.0,70.0,49.0,459.0,47.0,143.0,0.0,450.0,0.0,505.0,4.0,2.0,0.0,0.0,0.0,0.0,0.0,0.0,0.0,0.0,0.0,5.0,55.0,0.0,7.0,0.0,0.0,709.0,0.0,15.0,0.0,14.0,3.0,0.0,0.0,0.0,0.0,0.0,0.0,0.0,28.0,19.0,0.0,0.0,0.0,21.0,0.0,0.0,0.0,0.0,26.0,0.0,0.0,7.0,0.0,58.0,0.0,0.0,0.0,19.0,0.0,0.0,0.0,0.0,19.0,0.0,21.0,9.0,0.0,0.0,5.0,0.0,0.0,0.0,0.0,0.0,0.0,13.0,3.0,0.0,6.0,0.0,0.0,0.0,0.0,15.0,94.0,0.0,0.0,59.0,0.0,0.0,0.0,0.0,0.0,0.0,0.0,0.0,0.0,0.0,0.0,0.0,6.0,0.0,0.0,0.0,0.0,15.0,0.0,0.0,0.0,0.0,11.0,0.0,0.0,0.0,2.0,0.0,0.0,0.0,0.0,0.0,0.0,0.0,0.0,0.0,0.0,0.0,0.0,0.0,0.0,0.0,258.0,0.0,0.0,0.0,0.0,0.0,0.0,0.0,0.0,61.0,0.0,0.0,0.0,0.0,0.0,0.0,2.0,0.0,0.0,0.0,0.0,0.0,5.0,13.0,0.0,0.0,21.0,0.0,0.0,0.0,0.0,2.0,0.0,5.0,0.0,0.0,0.0,0.0,0.0,0.0,0.0,0.0,11.0,0.0,0.0,0.0,0.0,0.0,0.0,46.0,3.0,0.0,0.0,320.0,0.0,0.0,0.0,0.0,0.0,0.0,112.0,0.0,0.0,0.0,0.0,2.0,0.0,0.0,0.0,16.0,57.0,30.0,0.0,0.0,43.0
SE4612_J4816,1503.0,36.0,0.0,154.0,0.0,52.0,6.0,4.0,0.0,0.0,0.0,0.0,8.0,0.0,0.0,0.0,0.0,0.0,0.0,0.0,118.0,9.0,2.0,38.0,0.0,3.0,5.0,0.0,43.0,0.0,0.0,0.0,15.0,4.0,0.0,0.0,77.0,8.0,41.0,2.0,2.0,0.0,8.0,0.0,0.0,0.0,0.0,230.0,0.0,37.0,0.0,3.0,3.0,0.0,581.0,0.0,29.0,22.0,0.0,0.0,3.0,0.0,0.0,14.0,0.0,660.0,0.0,6.0,0.0,5.0,34.0,5.0,0.0,5.0,0.0,0.0,0.0,0.0,0.0,0.0,0.0,85.0,0.0,0.0,43.0,0.0,0.0,0.0,43.0,0.0,0.0,8.0,0.0,23.0,126.0,0.0,0.0,2.0,39.0,2.0,14.0,12.0,0.0,0.0,0.0,0.0,0.0,5.0,29.0,0.0,0.0,0.0,0.0,0.0,0.0,0.0,0.0,0.0,175.0,0.0,48.0,0.0,0.0,267.0,61.0,21.0,17.0,0.0,3.0,0.0,0.0,0.0,0.0,0.0,11.0,9.0,0.0,256.0,43.0,335.0,24.0,200.0,0.0,602.0,0.0,40.0,24.0,12.0,98.0,0.0,66.0,0.0,43.0,19.0,3.0,10.0,0.0,34.0,98.0,0.0,10.0,85.0,0.0,586.0,13.0,205.0,0.0,17.0,71.0,0.0,0.0,43.0,8.0,0.0,0.0,0.0,13.0,23.0,0.0,25.0,0.0,80.0,0.0,0.0,17.0,13.0,98.0,4.0,18.0,168.0,0.0,127.0,0.0,0.0,0.0,0.0,0.0,0.0,15.0,0.0,23.0,0.0,0.0,0.0,0.0,0.0,0.0,0.0,5.0,0.0,0.0,0.0,0.0,8.0,0.0,0.0,3.0,4.0,32.0,0.0,0.0,4.0,80.0,0.0,0.0,101.0,0.0,0.0,0.0,0.0,0.0,0.0,0.0,0.0,0.0,0.0,4.0,0.0,0.0,0.0,17.0,6.0,0.0,0.0,0.0,0.0,0.0,42.0,0.0,0.0,0.0,0.0,0.0,0.0,0.0,0.0,0.0,0.0,0.0,5.0,0.0,10.0,0.0,0.0,0.0,106.0,0.0,0.0,242.0,0.0,0.0,0.0,0.0,0.0,241.0,0.0,0.0,293.0,0.0,0.0,0.0,0.0,0.0,0.0,0.0,0.0,0.0,2.0,0.0,0.0,2.0,0.0,0.0,0.0,0.0,7.0,0.0,0.0,0.0,0.0,0.0,0.0,0.0,0.0,2.0,0.0,0.0,0.0,0.0,3.0,39.0,0.0,0.0,0.0,0.0,0.0,12.0,12.0,0.0,0.0,0.0,352.0,0.0,0.0,0.0,0.0,0.0,0.0,17.0,0.0,0.0,0.0,3.0,4.0,0.0,6.0,0.0,6.0,44.0,76.0,0.0,0.0,15.0
SE4613_J4816,1474.0,20.0,2.0,82.0,0.0,40.0,10.0,0.0,0.0,0.0,0.0,0.0,0.0,0.0,0.0,0.0,0.0,0.0,0.0,0.0,87.0,0.0,0.0,13.0,0.0,0.0,0.0,0.0,7.0,0.0,0.0,0.0,13.0,5.0,0.0,0.0,42.0,0.0,18.0,0.0,66.0,10.0,23.0,4.0,0.0,25.0,0.0,119.0,0.0,19.0,0.0,0.0,2.0,0.0,321.0,0.0,11.0,17.0,0.0,3.0,0.0,0.0,0.0,2.0,0.0,197.0,0.0,0.0,0.0,5.0,43.0,0.0,0.0,0.0,0.0,0.0,0.0,0.0,0.0,0.0,0.0,796.0,0.0,0.0,9.0,5.0,0.0,0.0,22.0,0.0,0.0,38.0,0.0,33.0,82.0,0.0,3.0,0.0,20.0,5.0,0.0,0.0,0.0,0.0,0.0,0.0,0.0,3.0,0.0,0.0,0.0,0.0,0.0,0.0,6.0,0.0,0.0,0.0,106.0,0.0,16.0,0.0,0.0,476.0,37.0,86.0,0.0,0.0,2.0,0.0,0.0,0.0,0.0,5.0,9.0,0.0,0.0,164.0,49.0,276.0,9.0,65.0,0.0,256.0,0.0,29.0,0.0,3.0,58.0,0.0,89.0,0.0,21.0,0.0,0.0,8.0,0.0,17.0,3.0,0.0,0.0,46.0,0.0,611.0,0.0,60.0,0.0,10.0,178.0,0.0,0.0,465.0,0.0,0.0,0.0,0.0,10.0,106.0,0.0,16.0,24.0,27.0,0.0,0.0,7.0,0.0,16.0,0.0,0.0,22.0,0.0,3.0,0.0,0.0,0.0,0.0,0.0,0.0,0.0,0.0,4.0,0.0,8.0,9.0,0.0,0.0,0.0,0.0,0.0,0.0,0.0,0.0,3.0,0.0,0.0,0.0,0.0,0.0,0.0,0.0,2.0,0.0,49.0,0.0,0.0,33.0,0.0,0.0,0.0,0.0,0.0,0.0,0.0,0.0,0.0,0.0,0.0,0.0,0.0,0.0,10.0,0.0,0.0,0.0,0.0,0.0,0.0,0.0,0.0,0.0,0.0,0.0,0.0,0.0,0.0,0.0,0.0,0.0,0.0,0.0,0.0,0.0,0.0,0.0,0.0,37.0,0.0,0.0,289.0,0.0,0.0,0.0,0.0,0.0,51.0,0.0,0.0,179.0,0.0,0.0,0.0,0.0,0.0,0.0,0.0,0.0,0.0,0.0,0.0,0.0,0.0,0.0,0.0,0.0,0.0,12.0,0.0,0.0,0.0,0.0,0.0,0.0,0.0,0.0,2.0,0.0,0.0,0.0,0.0,0.0,13.0,0.0,0.0,0.0,0.0,0.0,0.0,7.0,0.0,0.0,0.0,155.0,0.0,0.0,0.0,0.0,0.0,0.0,7.0,0.0,0.0,0.0,0.0,0.0,0.0,0.0,0.0,0.0,36.0,6.0,0.0,0.0,5.0
SE4614_J4816,1986.0,2.0,0.0,44.0,0.0,2.0,6.0,43.0,0.0,0.0,0.0,0.0,5.0,0.0,0.0,0.0,0.0,0.0,0.0,0.0,114.0,0.0,0.0,134.0,0.0,0.0,0.0,15.0,14.0,48.0,2.0,0.0,3.0,5.0,0.0,0.0,3.0,0.0,20.0,0.0,0.0,0.0,0.0,0.0,0.0,0.0,126.0,35.0,0.0,142.0,0.0,13.0,0.0,0.0,167.0,0.0,10.0,105.0,0.0,2.0,0.0,0.0,0.0,14.0,0.0,441.0,0.0,0.0,200.0,0.0,0.0,0.0,0.0,0.0,0.0,0.0,36.0,0.0,0.0,0.0,12.0,57.0,73.0,0.0,0.0,5.0,0.0,0.0,0.0,0.0,0.0,0.0,0.0,0.0,0.0,0.0,0.0,0.0,22.0,2.0,0.0,0.0,0.0,0.0,0.0,0.0,0.0,0.0,6.0,0.0,4.0,0.0,0.0,0.0,0.0,0.0,0.0,0.0,292.0,0.0,15.0,0.0,0.0,103.0,32.0,14.0,0.0,0.0,0.0,0.0,0.0,0.0,0.0,0.0,2.0,0.0,0.0,18.0,17.0,123.0,6.0,175.0,5.0,347.0,0.0,214.0,0.0,0.0,0.0,0.0,3.0,0.0,10.0,0.0,0.0,0.0,3.0,446.0,0.0,0.0,18.0,42.0,0.0,660.0,0.0,29.0,0.0,53.0,0.0,0.0,6.0,0.0,0.0,0.0,0.0,0.0,8.0,2.0,0.0,0.0,138.0,79.0,0.0,0.0,0.0,0.0,3.0,0.0,0.0,28.0,0.0,88.0,0.0,0.0,19.0,3.0,0.0,0.0,0.0,0.0,0.0,0.0,0.0,0.0,0.0,0.0,2.0,40.0,0.0,0.0,0.0,0.0,0.0,18.0,0.0,0.0,0.0,0.0,0.0,0.0,0.0,2.0,0.0,0.0,0.0,55.0,0.0,0.0,0.0,0.0,0.0,0.0,0.0,12.0,0.0,0.0,0.0,0.0,39.0,0.0,0.0,0.0,0.0,68.0,0.0,0.0,0.0,0.0,19.0,0.0,0.0,0.0,0.0,0.0,0.0,0.0,0.0,0.0,0.0,0.0,0.0,0.0,0.0,0.0,0.0,0.0,45.0,0.0,89.0,0.0,9.0,0.0,0.0,0.0,0.0,15.0,0.0,5.0,0.0,0.0,4.0,0.0,0.0,0.0,0.0,0.0,0.0,0.0,0.0,4.0,0.0,0.0,0.0,2.0,3.0,0.0,0.0,0.0,0.0,0.0,3.0,3.0,0.0,0.0,10.0,0.0,0.0,4.0,9.0,0.0,43.0,13.0,0.0,0.0,0.0,0.0,4.0,15.0,0.0,0.0,0.0,147.0,0.0,0.0,0.0,0.0,0.0,0.0,46.0,12.0,0.0,0.0,0.0,0.0,0.0,0.0,0.0,22.0,240.0,3.0,0.0,0.0,14.0
SE4615_J4816,1072.0,2.0,0.0,20.0,0.0,5.0,5.0,65.0,36.0,0.0,0.0,0.0,5.0,0.0,0.0,0.0,0.0,0.0,0.0,0.0,440.0,3.0,12.0,249.0,0.0,0.0,0.0,21.0,0.0,28.0,13.0,7.0,0.0,4.0,0.0,15.0,10.0,10.0,129.0,0.0,0.0,0.0,2.0,0.0,0.0,0.0,84.0,32.0,12.0,168.0,0.0,35.0,0.0,0.0,159.0,0.0,0.0,0.0,0.0,0.0,0.0,3.0,14.0,0.0,0.0,574.0,0.0,0.0,248.0,0.0,0.0,0.0,0.0,0.0,0.0,0.0,96.0,0.0,4.0,0.0,0.0,18.0,0.0,0.0,0.0,125.0,0.0,0.0,0.0,0.0,0.0,8.0,0.0,0.0,0.0,0.0,0.0,0.0,96.0,6.0,0.0,0.0,0.0,0.0,0.0,0.0,0.0,0.0,0.0,0.0,0.0,3.0,0.0,0.0,0.0,0.0,0.0,0.0,299.0,0.0,0.0,0.0,0.0,308.0,20.0,26.0,0.0,0.0,0.0,0.0,0.0,0.0,0.0,0.0,60.0,0.0,0.0,46.0,103.0,373.0,0.0,95.0,50.0,312.0,0.0,219.0,30.0,0.0,6.0,0.0,9.0,0.0,0.0,0.0,0.0,0.0,34.0,57.0,3.0,0.0,9.0,56.0,0.0,530.0,0.0,26.0,0.0,105.0,0.0,0.0,18.0,8.0,0.0,0.0,0.0,0.0,5.0,3.0,0.0,0.0,98.0,34.0,0.0,0.0,0.0,0.0,54.0,0.0,0.0,90.0,0.0,0.0,0.0,3.0,14.0,0.0,0.0,0.0,5.0,0.0,10.0,0.0,0.0,13.0,0.0,0.0,2.0,12.0,0.0,0.0,0.0,0.0,0.0,7.0,0.0,0.0,0.0,0.0,0.0,56.0,0.0,0.0,17.0,0.0,0.0,39.0,0.0,0.0,0.0,8.0,0.0,0.0,3.0,0.0,0.0,0.0,0.0,0.0,17.0,0.0,0.0,0.0,12.0,22.0,0.0,0.0,0.0,0.0,0.0,7.0,0.0,0.0,0.0,0.0,0.0,0.0,0.0,0.0,0.0,0.0,0.0,0.0,0.0,0.0,0.0,2.0,22.0,0.0,92.0,2.0,2.0,0.0,0.0,0.0,0.0,27.0,0.0,5.0,0.0,0.0,0.0,0.0,0.0,0.0,0.0,0.0,0.0,0.0,6.0,3.0,0.0,0.0,0.0,0.0,15.0,0.0,0.0,0.0,0.0,0.0,0.0,18.0,0.0,0.0,0.0,0.0,0.0,0.0,0.0,0.0,22.0,0.0,0.0,0.0,0.0,0.0,3.0,29.0,12.0,0.0,0.0,192.0,0.0,0.0,0.0,0.0,0.0,0.0,7.0,0.0,0.0,0.0,0.0,0.0,0.0,0.0,0.0,97.0,166.0,23.0,0.0,0.0,53.0
SE4616_J4816,1878.0,10.0,0.0,67.0,0.0,5.0,0.0,48.0,0.0,0.0,0.0,0.0,0.0,0.0,0.0,0.0,0.0,0.0,0.0,0.0,64.0,0.0,25.0,45.0,0.0,0.0,0.0,0.0,3.0,13.0,5.0,0.0,0.0,0.0,0.0,0.0,0.0,7.0,23.0,0.0,0.0,0.0,0.0,0.0,0.0,0.0,1325.0,233.0,0.0,372.0,0.0,40.0,0.0,0.0,163.0,0.0,12.0,0.0,0.0,0.0,0.0,0.0,0.0,0.0,0.0,137.0,0.0,0.0,10.0,6.0,0.0,0.0,0.0,0.0,0.0,0.0,134.0,0.0,0.0,0.0,37.0,7.0,8.0,2.0,0.0,217.0,0.0,0.0,0.0,0.0,0.0,0.0,0.0,0.0,68.0,0.0,2.0,0.0,60.0,0.0,0.0,0.0,0.0,0.0,0.0,0.0,0.0,0.0,0.0,0.0,0.0,5.0,0.0,0.0,0.0,0.0,0.0,0.0,128.0,0.0,0.0,0.0,3.0,248.0,22.0,42.0,0.0,0.0,0.0,0.0,0.0,0.0,0.0,0.0,3.0,0.0,0.0,56.0,13.0,224.0,5.0,107.0,72.0,289.0,0.0,115.0,15.0,4.0,75.0,0.0,0.0,0.0,0.0,0.0,0.0,0.0,0.0,62.0,2.0,0.0,7.0,21.0,0.0,932.0,0.0,5.0,3.0,63.0,0.0,0.0,22.0,0.0,0.0,0.0,0.0,0.0,0.0,2.0,0.0,0.0,22.0,5.0,0.0,7.0,0.0,0.0,0.0,0.0,0.0,414.0,0.0,6.0,0.0,0.0,50.0,2.0,0.0,0.0,0.0,0.0,5.0,0.0,0.0,11.0,0.0,0.0,0.0,0.0,0.0,0.0,0.0,0.0,0.0,12.0,0.0,0.0,0.0,0.0,0.0,3.0,0.0,55.0,0.0,0.0,0.0,24.0,0.0,0.0,0.0,0.0,0.0,0.0,0.0,0.0,0.0,10.0,0.0,0.0,15.0,0.0,0.0,2.0,0.0,128.0,0.0,0.0,0.0,0.0,7.0,0.0,0.0,0.0,3.0,0.0,0.0,0.0,0.0,0.0,0.0,0.0,0.0,0.0,0.0,0.0,0.0,0.0,12.0,0.0,197.0,0.0,0.0,0.0,0.0,0.0,45.0,0.0,0.0,33.0,0.0,0.0,0.0,0.0,0.0,0.0,0.0,4.0,6.0,4.0,0.0,0.0,0.0,0.0,0.0,0.0,0.0,0.0,0.0,0.0,0.0,0.0,0.0,39.0,8.0,0.0,0.0,0.0,0.0,32.0,27.0,0.0,86.0,0.0,21.0,8.0,0.0,0.0,4.0,53.0,7.0,0.0,0.0,170.0,0.0,0.0,0.0,6.0,0.0,0.0,14.0,5.0,0.0,0.0,0.0,0.0,0.0,0.0,0.0,21.0,308.0,26.0,82.0,0.0,7.0
SE4617_J4816,1369.0,0.0,0.0,25.0,2.0,11.0,10.0,34.0,0.0,0.0,0.0,0.0,0.0,0.0,0.0,0.0,0.0,0.0,0.0,0.0,185.0,6.0,19.0,46.0,0.0,0.0,0.0,0.0,14.0,24.0,0.0,0.0,2.0,4.0,0.0,0.0,0.0,0.0,12.0,0.0,0.0,0.0,0.0,0.0,0.0,0.0,274.0,24.0,0.0,179.0,0.0,41.0,0.0,0.0,96.0,0.0,5.0,0.0,0.0,0.0,0.0,0.0,12.0,21.0,0.0,0.0,0.0,0.0,103.0,0.0,0.0,0.0,0.0,0.0,0.0,0.0,0.0,0.0,0.0,0.0,44.0,10.0,25.0,0.0,0.0,18.0,0.0,0.0,2.0,0.0,0.0,0.0,0.0,0.0,7.0,0.0,0.0,0.0,28.0,0.0,0.0,0.0,0.0,0.0,15.0,0.0,0.0,0.0,0.0,0.0,0.0,6.0,0.0,0.0,0.0,0.0,0.0,0.0,229.0,0.0,12.0,0.0,4.0,124.0,47.0,39.0,0.0,7.0,0.0,0.0,0.0,0.0,0.0,0.0,0.0,0.0,0.0,145.0,31.0,394.0,5.0,117.0,0.0,367.0,0.0,149.0,8.0,0.0,3.0,0.0,23.0,3.0,0.0,4.0,0.0,0.0,0.0,107.0,0.0,0.0,42.0,24.0,0.0,845.0,0.0,7.0,9.0,6.0,8.0,0.0,9.0,0.0,0.0,0.0,0.0,0.0,5.0,0.0,0.0,0.0,28.0,7.0,0.0,5.0,0.0,11.0,0.0,0.0,0.0,287.0,0.0,0.0,0.0,0.0,0.0,0.0,0.0,0.0,0.0,0.0,0.0,0.0,0.0,12.0,0.0,0.0,0.0,11.0,0.0,0.0,0.0,0.0,0.0,0.0,0.0,0.0,0.0,0.0,0.0,0.0,0.0,95.0,5.0,0.0,0.0,28.0,0.0,0.0,0.0,7.0,0.0,0.0,0.0,0.0,0.0,0.0,0.0,0.0,3.0,0.0,0.0,0.0,0.0,25.0,0.0,0.0,0.0,0.0,7.0,0.0,0.0,0.0,0.0,0.0,0.0,0.0,0.0,0.0,0.0,0.0,0.0,0.0,0.0,0.0,0.0,5.0,3.0,0.0,53.0,0.0,0.0,0.0,0.0,0.0,0.0,0.0,0.0,99.0,0.0,3.0,0.0,0.0,7.0,0.0,0.0,2.0,0.0,0.0,0.0,0.0,0.0,0.0,0.0,0.0,20.0,0.0,0.0,0.0,0.0,0.0,0.0,4.0,0.0,0.0,0.0,0.0,0.0,0.0,0.0,0.0,13.0,0.0,0.0,0.0,0.0,0.0,0.0,0.0,0.0,0.0,0.0,179.0,0.0,0.0,0.0,0.0,0.0,0.0,0.0,0.0,0.0,0.0,0.0,0.0,0.0,0.0,0.0,11.0,159.0,7.0,134.0,0.0,40.0
SE4618_J4816,1586.0,3.0,0.0,73.0,0.0,0.0,0.0,46.0,7.0,0.0,0.0,0.0,0.0,0.0,0.0,0.0,0.0,0.0,0.0,0.0,101.0,0.0,16.0,0.0,0.0,0.0,0.0,0.0,0.0,6.0,0.0,0.0,81.0,0.0,6.0,0.0,48.0,0.0,13.0,0.0,0.0,0.0,0.0,0.0,0.0,0.0,392.0,285.0,0.0,890.0,0.0,51.0,0.0,0.0,198.0,0.0,12.0,8.0,4.0,0.0,0.0,0.0,4.0,0.0,0.0,470.0,0.0,0.0,258.0,0.0,0.0,0.0,0.0,0.0,0.0,2.0,305.0,0.0,0.0,15.0,35.0,0.0,0.0,0.0,0.0,421.0,0.0,0.0,0.0,0.0,0.0,15.0,0.0,0.0,40.0,0.0,10.0,0.0,49.0,0.0,0.0,0.0,0.0,0.0,0.0,0.0,0.0,0.0,0.0,0.0,0.0,0.0,0.0,0.0,4.0,0.0,0.0,0.0,178.0,11.0,0.0,0.0,0.0,203.0,0.0,17.0,0.0,4.0,0.0,0.0,0.0,0.0,0.0,0.0,5.0,0.0,0.0,71.0,101.0,463.0,0.0,85.0,5.0,285.0,0.0,63.0,4.0,0.0,17.0,0.0,0.0,0.0,24.0,5.0,0.0,0.0,0.0,26.0,0.0,0.0,0.0,41.0,0.0,867.0,0.0,23.0,0.0,29.0,0.0,0.0,14.0,0.0,0.0,0.0,0.0,0.0,41.0,0.0,0.0,0.0,0.0,3.0,0.0,411.0,0.0,0.0,0.0,0.0,0.0,254.0,0.0,10.0,0.0,0.0,5.0,4.0,0.0,0.0,0.0,0.0,0.0,0.0,0.0,2.0,0.0,0.0,0.0,114.0,0.0,0.0,0.0,0.0,0.0,14.0,0.0,0.0,0.0,0.0,0.0,0.0,0.0,0.0,42.0,0.0,0.0,33.0,0.0,0.0,0.0,0.0,0.0,0.0,0.0,0.0,0.0,9.0,0.0,0.0,13.0,0.0,13.0,10.0,0.0,39.0,0.0,0.0,0.0,0.0,0.0,0.0,0.0,0.0,0.0,0.0,0.0,0.0,0.0,0.0,0.0,0.0,0.0,0.0,0.0,0.0,0.0,0.0,0.0,0.0,133.0,21.0,0.0,0.0,0.0,0.0,3.0,0.0,0.0,42.0,0.0,0.0,0.0,0.0,0.0,0.0,0.0,0.0,0.0,3.0,0.0,0.0,0.0,0.0,0.0,0.0,8.0,32.0,0.0,0.0,0.0,0.0,0.0,10.0,0.0,0.0,0.0,0.0,0.0,0.0,4.0,2.0,54.0,0.0,7.0,0.0,0.0,0.0,0.0,13.0,5.0,4.0,3.0,135.0,2.0,0.0,0.0,0.0,0.0,0.0,37.0,5.0,4.0,0.0,0.0,0.0,0.0,0.0,0.0,0.0,200.0,34.0,0.0,0.0,23.0
SE4619_J4816,951.0,6.0,0.0,31.0,2.0,6.0,0.0,74.0,0.0,0.0,0.0,0.0,6.0,0.0,0.0,0.0,0.0,0.0,0.0,0.0,60.0,3.0,10.0,11.0,0.0,0.0,2.0,0.0,3.0,6.0,2.0,0.0,0.0,0.0,4.0,0.0,22.0,0.0,8.0,0.0,0.0,0.0,0.0,0.0,0.0,0.0,687.0,320.0,0.0,1077.0,0.0,325.0,0.0,0.0,199.0,0.0,327.0,17.0,0.0,0.0,0.0,2.0,2.0,0.0,2.0,27.0,0.0,0.0,2.0,60.0,0.0,0.0,0.0,0.0,0.0,0.0,27.0,0.0,0.0,0.0,43.0,25.0,0.0,0.0,0.0,231.0,0.0,0.0,9.0,0.0,0.0,25.0,0.0,0.0,48.0,0.0,0.0,0.0,58.0,0.0,2.0,0.0,0.0,0.0,0.0,0.0,0.0,0.0,0.0,0.0,0.0,116.0,0.0,0.0,0.0,0.0,0.0,0.0,334.0,0.0,0.0,0.0,0.0,239.0,0.0,33.0,0.0,0.0,0.0,0.0,0.0,0.0,0.0,0.0,4.0,0.0,0.0,30.0,44.0,526.0,76.0,178.0,0.0,378.0,0.0,174.0,14.0,0.0,30.0,0.0,0.0,0.0,8.0,34.0,0.0,0.0,0.0,7.0,3.0,0.0,9.0,26.0,0.0,1304.0,0.0,33.0,0.0,44.0,0.0,0.0,9.0,0.0,0.0,0.0,0.0,0.0,2.0,0.0,4.0,0.0,19.0,22.0,0.0,154.0,0.0,2.0,11.0,0.0,0.0,829.0,0.0,36.0,0.0,0.0,0.0,15.0,0.0,0.0,0.0,0.0,0.0,0.0,0.0,0.0,0.0,47.0,0.0,44.0,0.0,0.0,2.0,0.0,0.0,16.0,6.0,0.0,0.0,0.0,0.0,0.0,0.0,0.0,20.0,0.0,0.0,26.0,0.0,0.0,0.0,0.0,0.0,0.0,0.0,12.0,0.0,0.0,0.0,0.0,59.0,0.0,9.0,7.0,0.0,297.0,0.0,0.0,0.0,3.0,28.0,0.0,0.0,0.0,0.0,0.0,0.0,0.0,5.0,0.0,0.0,0.0,0.0,0.0,0.0,0.0,0.0,4.0,0.0,0.0,254.0,0.0,0.0,0.0,0.0,0.0,16.0,0.0,0.0,243.0,0.0,2.0,0.0,0.0,0.0,0.0,2.0,0.0,2.0,7.0,21.0,0.0,0.0,0.0,0.0,0.0,14.0,2.0,0.0,2.0,3.0,0.0,0.0,35.0,0.0,0.0,0.0,0.0,0.0,16.0,10.0,0.0,89.0,0.0,0.0,9.0,0.0,0.0,0.0,128.0,16.0,0.0,2.0,293.0,0.0,0.0,0.0,0.0,0.0,0.0,67.0,0.0,0.0,0.0,0.0,0.0,0.0,0.0,0.0,0.0,4.0,69.0,0.0,0.0,75.0
SE4620_J4816,3922.0,118.0,0.0,32.0,0.0,6.0,0.0,2.0,0.0,0.0,2.0,0.0,0.0,0.0,0.0,2.0,0.0,0.0,0.0,0.0,76.0,12.0,0.0,9.0,0.0,0.0,0.0,0.0,35.0,0.0,0.0,0.0,0.0,18.0,0.0,0.0,0.0,0.0,11.0,0.0,0.0,0.0,0.0,0.0,0.0,0.0,0.0,11.0,3.0,24.0,0.0,0.0,0.0,0.0,387.0,0.0,652.0,31.0,0.0,6.0,0.0,0.0,0.0,5.0,0.0,0.0,0.0,0.0,0.0,0.0,0.0,15.0,0.0,9.0,0.0,0.0,0.0,0.0,0.0,0.0,0.0,55.0,0.0,0.0,8.0,3.0,0.0,0.0,40.0,0.0,0.0,0.0,0.0,0.0,27.0,106.0,22.0,0.0,0.0,0.0,0.0,37.0,3.0,0.0,15.0,0.0,0.0,6.0,0.0,4.0,0.0,3.0,0.0,0.0,0.0,0.0,0.0,5.0,22.0,9.0,17.0,0.0,0.0,86.0,10.0,0.0,0.0,0.0,0.0,13.0,0.0,0.0,2.0,0.0,0.0,0.0,0.0,101.0,0.0,205.0,2.0,134.0,0.0,228.0,0.0,255.0,0.0,21.0,63.0,0.0,90.0,0.0,6.0,51.0,0.0,6.0,0.0,65.0,122.0,0.0,22.0,94.0,9.0,955.0,0.0,43.0,0.0,0.0,0.0,0.0,4.0,119.0,0.0,0.0,0.0,0.0,11.0,26.0,0.0,32.0,7.0,190.0,0.0,0.0,0.0,3.0,35.0,0.0,42.0,0.0,0.0,0.0,0.0,0.0,0.0,0.0,0.0,0.0,7.0,0.0,9.0,8.0,6.0,50.0,2.0,58.0,0.0,0.0,0.0,0.0,0.0,2.0,0.0,0.0,0.0,0.0,0.0,0.0,0.0,0.0,0.0,0.0,12.0,0.0,0.0,80.0,0.0,0.0,0.0,0.0,0.0,0.0,0.0,0.0,0.0,0.0,15.0,0.0,0.0,0.0,7.0,0.0,0.0,14.0,0.0,0.0,0.0,0.0,15.0,0.0,0.0,0.0,0.0,0.0,0.0,0.0,0.0,3.0,0.0,7.0,0.0,0.0,0.0,0.0,0.0,26.0,0.0,0.0,47.0,0.0,0.0,0.0,0.0,0.0,55.0,0.0,7.0,170.0,0.0,6.0,0.0,0.0,0.0,0.0,6.0,0.0,0.0,0.0,0.0,0.0,0.0,0.0,0.0,9.0,62.0,6.0,0.0,0.0,0.0,0.0,0.0,0.0,0.0,0.0,0.0,0.0,0.0,0.0,0.0,0.0,19.0,22.0,0.0,0.0,0.0,0.0,7.0,17.0,12.0,0.0,0.0,214.0,0.0,0.0,0.0,0.0,0.0,0.0,155.0,0.0,0.0,0.0,0.0,0.0,0.0,0.0,0.0,61.0,1016.0,83.0,21.0,0.0,30.0
SE4621_J4816,1248.0,15.0,0.0,118.0,0.0,18.0,18.0,12.0,0.0,0.0,0.0,0.0,0.0,0.0,0.0,0.0,0.0,0.0,0.0,0.0,135.0,18.0,8.0,27.0,0.0,0.0,0.0,11.0,0.0,0.0,0.0,0.0,0.0,23.0,0.0,0.0,6.0,0.0,13.0,0.0,0.0,0.0,9.0,0.0,0.0,3.0,0.0,25.0,0.0,88.0,0.0,0.0,0.0,0.0,702.0,0.0,503.0,31.0,0.0,0.0,0.0,3.0,0.0,5.0,0.0,0.0,12.0,0.0,0.0,0.0,0.0,7.0,0.0,0.0,0.0,0.0,3.0,0.0,0.0,0.0,0.0,92.0,0.0,0.0,0.0,0.0,86.0,0.0,18.0,0.0,0.0,27.0,0.0,0.0,220.0,164.0,12.0,0.0,0.0,0.0,0.0,5.0,0.0,2.0,24.0,0.0,0.0,0.0,0.0,4.0,24.0,7.0,0.0,8.0,0.0,0.0,0.0,0.0,61.0,0.0,4.0,0.0,0.0,164.0,15.0,0.0,0.0,0.0,0.0,29.0,0.0,4.0,0.0,5.0,35.0,0.0,0.0,222.0,23.0,226.0,28.0,152.0,0.0,257.0,7.0,202.0,109.0,4.0,33.0,5.0,224.0,0.0,0.0,22.0,0.0,9.0,0.0,34.0,218.0,0.0,70.0,123.0,3.0,569.0,0.0,62.0,0.0,9.0,10.0,0.0,4.0,60.0,0.0,0.0,0.0,0.0,9.0,49.0,0.0,14.0,14.0,92.0,0.0,0.0,0.0,0.0,124.0,0.0,3.0,0.0,0.0,3.0,0.0,0.0,0.0,0.0,0.0,0.0,11.0,50.0,19.0,0.0,0.0,0.0,14.0,6.0,0.0,0.0,0.0,0.0,0.0,0.0,0.0,3.0,0.0,0.0,6.0,0.0,0.0,2.0,0.0,0.0,33.0,0.0,0.0,68.0,2.0,0.0,0.0,0.0,0.0,0.0,0.0,6.0,0.0,0.0,50.0,0.0,0.0,0.0,14.0,0.0,5.0,0.0,0.0,0.0,3.0,0.0,16.0,0.0,0.0,0.0,0.0,0.0,0.0,0.0,4.0,3.0,0.0,0.0,0.0,0.0,0.0,0.0,0.0,14.0,40.0,0.0,119.0,0.0,0.0,0.0,0.0,0.0,28.0,0.0,11.0,310.0,0.0,6.0,0.0,0.0,0.0,0.0,9.0,0.0,0.0,0.0,0.0,0.0,0.0,15.0,0.0,0.0,30.0,5.0,0.0,0.0,3.0,2.0,0.0,0.0,0.0,0.0,0.0,0.0,0.0,0.0,0.0,0.0,13.0,5.0,0.0,0.0,0.0,0.0,9.0,6.0,0.0,0.0,0.0,305.0,9.0,0.0,0.0,0.0,0.0,0.0,146.0,0.0,0.0,0.0,4.0,5.0,0.0,0.0,0.0,44.0,222.0,74.0,19.0,0.0,58.0
SE4622_J4816,2215.0,22.0,0.0,11.0,7.0,13.0,7.0,0.0,0.0,0.0,0.0,0.0,0.0,0.0,0.0,0.0,0.0,0.0,0.0,0.0,46.0,4.0,5.0,12.0,0.0,0.0,0.0,0.0,0.0,0.0,0.0,0.0,3.0,21.0,0.0,0.0,0.0,0.0,46.0,5.0,0.0,0.0,0.0,0.0,0.0,0.0,54.0,58.0,0.0,14.0,0.0,0.0,0.0,0.0,115.0,0.0,56.0,8.0,0.0,0.0,0.0,0.0,0.0,6.0,0.0,1396.0,12.0,0.0,3.0,0.0,0.0,0.0,0.0,5.0,0.0,0.0,0.0,0.0,0.0,0.0,4.0,40.0,0.0,0.0,0.0,0.0,0.0,0.0,0.0,0.0,0.0,7.0,0.0,0.0,4.0,0.0,17.0,0.0,55.0,84.0,0.0,0.0,0.0,0.0,0.0,0.0,0.0,0.0,8.0,0.0,0.0,9.0,0.0,0.0,0.0,0.0,0.0,0.0,12.0,9.0,18.0,0.0,0.0,41.0,16.0,12.0,0.0,0.0,10.0,11.0,0.0,0.0,0.0,0.0,0.0,0.0,0.0,24.0,7.0,530.0,81.0,45.0,0.0,233.0,0.0,225.0,0.0,0.0,56.0,0.0,0.0,0.0,0.0,3.0,0.0,0.0,0.0,6.0,4.0,0.0,14.0,18.0,0.0,501.0,2.0,17.0,0.0,5.0,0.0,0.0,2.0,3.0,0.0,0.0,0.0,0.0,7.0,37.0,0.0,6.0,0.0,15.0,0.0,0.0,0.0,0.0,30.0,0.0,11.0,71.0,0.0,20.0,0.0,0.0,9.0,2.0,0.0,0.0,7.0,0.0,6.0,0.0,0.0,22.0,0.0,15.0,2.0,0.0,0.0,0.0,0.0,0.0,0.0,6.0,0.0,2.0,0.0,0.0,0.0,0.0,0.0,0.0,16.0,0.0,0.0,73.0,0.0,0.0,0.0,0.0,0.0,0.0,0.0,7.0,0.0,11.0,0.0,0.0,11.0,0.0,5.0,0.0,0.0,28.0,0.0,0.0,0.0,0.0,47.0,0.0,0.0,0.0,0.0,0.0,0.0,0.0,0.0,0.0,0.0,0.0,0.0,0.0,0.0,0.0,0.0,5.0,0.0,0.0,208.0,0.0,0.0,0.0,0.0,0.0,9.0,0.0,0.0,860.0,0.0,11.0,0.0,0.0,0.0,0.0,0.0,0.0,0.0,0.0,0.0,0.0,0.0,0.0,0.0,9.0,45.0,0.0,0.0,0.0,0.0,0.0,0.0,0.0,6.0,0.0,0.0,3.0,0.0,3.0,0.0,0.0,135.0,0.0,3.0,0.0,0.0,0.0,14.0,28.0,16.0,5.0,0.0,336.0,0.0,0.0,0.0,0.0,0.0,0.0,27.0,4.0,0.0,0.0,0.0,0.0,0.0,0.0,0.0,9.0,210.0,124.0,0.0,0.0,39.0
SE4623_J4816,684.0,0.0,0.0,7.0,0.0,0.0,34.0,0.0,0.0,0.0,0.0,0.0,0.0,0.0,0.0,0.0,0.0,0.0,0.0,0.0,189.0,5.0,0.0,79.0,0.0,0.0,0.0,0.0,3.0,0.0,0.0,0.0,0.0,41.0,0.0,0.0,3.0,0.0,29.0,5.0,4.0,0.0,0.0,0.0,0.0,4.0,211.0,40.0,0.0,12.0,0.0,9.0,0.0,0.0,148.0,0.0,24.0,52.0,0.0,0.0,0.0,0.0,3.0,3.0,0.0,679.0,0.0,0.0,9.0,0.0,0.0,0.0,0.0,17.0,0.0,0.0,0.0,0.0,0.0,6.0,9.0,43.0,0.0,0.0,0.0,0.0,0.0,0.0,0.0,0.0,0.0,0.0,0.0,0.0,4.0,0.0,11.0,0.0,23.0,10.0,0.0,0.0,0.0,0.0,8.0,0.0,0.0,0.0,0.0,0.0,0.0,0.0,0.0,0.0,2.0,0.0,0.0,0.0,88.0,0.0,0.0,0.0,0.0,100.0,29.0,3.0,0.0,0.0,7.0,0.0,0.0,0.0,0.0,0.0,12.0,0.0,0.0,58.0,11.0,780.0,55.0,125.0,0.0,414.0,0.0,295.0,0.0,0.0,30.0,0.0,11.0,0.0,0.0,20.0,0.0,0.0,0.0,9.0,0.0,0.0,25.0,26.0,0.0,759.0,0.0,19.0,0.0,2.0,4.0,0.0,0.0,26.0,0.0,0.0,0.0,0.0,12.0,45.0,0.0,6.0,2.0,41.0,0.0,0.0,0.0,0.0,8.0,0.0,9.0,22.0,0.0,348.0,0.0,0.0,10.0,0.0,0.0,0.0,0.0,0.0,13.0,0.0,0.0,10.0,0.0,36.0,0.0,11.0,0.0,0.0,0.0,0.0,0.0,24.0,0.0,0.0,3.0,0.0,0.0,0.0,0.0,0.0,58.0,0.0,0.0,88.0,0.0,0.0,0.0,0.0,0.0,0.0,0.0,0.0,0.0,0.0,0.0,0.0,11.0,0.0,7.0,0.0,0.0,38.0,0.0,0.0,0.0,0.0,4.0,0.0,0.0,0.0,0.0,0.0,0.0,0.0,0.0,0.0,0.0,7.0,0.0,0.0,0.0,0.0,0.0,4.0,0.0,0.0,653.0,0.0,0.0,0.0,0.0,0.0,15.0,0.0,8.0,297.0,0.0,15.0,0.0,0.0,0.0,0.0,3.0,3.0,0.0,2.0,0.0,0.0,0.0,0.0,0.0,6.0,32.0,0.0,0.0,0.0,0.0,2.0,0.0,0.0,0.0,0.0,0.0,0.0,0.0,0.0,5.0,0.0,197.0,0.0,0.0,0.0,0.0,0.0,58.0,21.0,0.0,0.0,0.0,441.0,0.0,0.0,0.0,0.0,0.0,0.0,9.0,9.0,0.0,0.0,0.0,2.0,0.0,0.0,0.0,15.0,280.0,85.0,0.0,0.0,28.0
SE4624_J4816,1182.0,0.0,0.0,28.0,0.0,62.0,0.0,22.0,0.0,0.0,0.0,0.0,0.0,0.0,0.0,0.0,0.0,0.0,0.0,0.0,162.0,34.0,0.0,37.0,41.0,0.0,0.0,0.0,27.0,0.0,0.0,0.0,0.0,44.0,0.0,0.0,0.0,0.0,52.0,11.0,7.0,0.0,7.0,0.0,0.0,0.0,0.0,44.0,0.0,54.0,0.0,9.0,0.0,0.0,322.0,0.0,748.0,26.0,0.0,0.0,0.0,0.0,0.0,21.0,0.0,0.0,6.0,0.0,0.0,0.0,0.0,0.0,0.0,2.0,0.0,0.0,0.0,0.0,0.0,13.0,12.0,34.0,0.0,0.0,0.0,23.0,5.0,0.0,0.0,2.0,0.0,17.0,0.0,0.0,2.0,0.0,6.0,0.0,36.0,18.0,2.0,0.0,0.0,17.0,16.0,0.0,0.0,0.0,7.0,0.0,0.0,0.0,0.0,0.0,0.0,0.0,0.0,0.0,34.0,13.0,9.0,0.0,0.0,113.0,0.0,19.0,11.0,0.0,0.0,0.0,0.0,0.0,7.0,0.0,11.0,0.0,0.0,115.0,73.0,340.0,29.0,284.0,0.0,1093.0,0.0,240.0,9.0,0.0,50.0,0.0,58.0,0.0,21.0,15.0,0.0,10.0,0.0,61.0,0.0,0.0,33.0,13.0,0.0,582.0,0.0,26.0,0.0,13.0,3.0,0.0,0.0,51.0,0.0,0.0,0.0,0.0,34.0,47.0,18.0,0.0,17.0,142.0,0.0,0.0,0.0,9.0,80.0,0.0,20.0,0.0,0.0,28.0,0.0,466.0,0.0,11.0,0.0,0.0,8.0,14.0,13.0,0.0,0.0,24.0,0.0,6.0,0.0,0.0,0.0,0.0,0.0,6.0,0.0,22.0,2.0,0.0,6.0,0.0,0.0,0.0,0.0,5.0,7.0,0.0,0.0,144.0,0.0,0.0,0.0,0.0,0.0,0.0,0.0,0.0,0.0,0.0,9.0,0.0,19.0,0.0,9.0,0.0,0.0,0.0,0.0,0.0,0.0,5.0,136.0,0.0,3.0,0.0,0.0,0.0,0.0,2.0,0.0,0.0,0.0,2.0,0.0,0.0,0.0,0.0,0.0,8.0,0.0,0.0,255.0,0.0,2.0,3.0,0.0,0.0,3.0,0.0,0.0,175.0,0.0,21.0,0.0,0.0,0.0,0.0,109.0,0.0,0.0,0.0,0.0,0.0,0.0,0.0,0.0,0.0,78.0,0.0,0.0,0.0,0.0,0.0,0.0,0.0,0.0,0.0,0.0,4.0,6.0,0.0,12.0,0.0,110.0,100.0,0.0,0.0,0.0,0.0,79.0,12.0,0.0,0.0,0.0,231.0,0.0,0.0,0.0,0.0,0.0,0.0,47.0,0.0,0.0,0.0,3.0,6.0,0.0,0.0,0.0,75.0,681.0,102.0,10.0,0.0,96.0
SE4625_J4816,1908.0,5.0,0.0,18.0,0.0,2.0,2.0,9.0,0.0,0.0,0.0,0.0,0.0,0.0,0.0,0.0,0.0,0.0,0.0,0.0,171.0,4.0,2.0,32.0,0.0,0.0,0.0,16.0,26.0,0.0,0.0,0.0,0.0,41.0,0.0,7.0,0.0,0.0,15.0,0.0,4.0,0.0,10.0,0.0,0.0,0.0,128.0,21.0,0.0,52.0,0.0,0.0,0.0,0.0,139.0,0.0,761.0,56.0,0.0,0.0,0.0,0.0,0.0,5.0,0.0,301.0,10.0,0.0,0.0,0.0,0.0,2.0,0.0,0.0,0.0,0.0,0.0,0.0,0.0,0.0,3.0,29.0,0.0,0.0,3.0,21.0,0.0,0.0,0.0,0.0,0.0,0.0,0.0,0.0,0.0,0.0,4.0,6.0,2.0,6.0,0.0,7.0,0.0,7.0,4.0,0.0,0.0,0.0,3.0,0.0,0.0,7.0,0.0,0.0,0.0,0.0,0.0,0.0,36.0,0.0,18.0,0.0,0.0,152.0,0.0,10.0,17.0,0.0,0.0,0.0,0.0,0.0,2.0,0.0,9.0,0.0,0.0,27.0,33.0,312.0,10.0,98.0,0.0,356.0,0.0,98.0,21.0,6.0,60.0,0.0,16.0,0.0,2.0,5.0,0.0,8.0,0.0,58.0,2.0,0.0,13.0,57.0,0.0,310.0,0.0,7.0,0.0,7.0,0.0,0.0,5.0,28.0,0.0,0.0,0.0,0.0,0.0,16.0,44.0,0.0,56.0,27.0,0.0,0.0,0.0,2.0,182.0,0.0,0.0,14.0,0.0,0.0,0.0,27.0,0.0,0.0,0.0,0.0,3.0,3.0,17.0,0.0,0.0,4.0,0.0,44.0,0.0,4.0,0.0,2.0,0.0,0.0,0.0,14.0,0.0,0.0,45.0,0.0,0.0,0.0,0.0,0.0,11.0,0.0,0.0,54.0,0.0,33.0,0.0,0.0,0.0,0.0,0.0,8.0,0.0,0.0,2.0,0.0,2.0,0.0,8.0,0.0,0.0,0.0,0.0,0.0,0.0,0.0,12.0,0.0,0.0,0.0,2.0,0.0,0.0,2.0,0.0,0.0,0.0,0.0,0.0,0.0,0.0,0.0,0.0,0.0,0.0,0.0,108.0,0.0,0.0,0.0,0.0,0.0,13.0,0.0,4.0,74.0,0.0,22.0,0.0,0.0,0.0,0.0,87.0,0.0,0.0,0.0,0.0,0.0,0.0,0.0,0.0,5.0,82.0,0.0,0.0,0.0,0.0,0.0,0.0,0.0,0.0,0.0,0.0,0.0,0.0,0.0,5.0,0.0,23.0,44.0,4.0,0.0,0.0,0.0,19.0,7.0,0.0,0.0,0.0,180.0,0.0,0.0,0.0,0.0,0.0,0.0,40.0,0.0,0.0,0.0,0.0,0.0,0.0,0.0,2.0,72.0,205.0,53.0,21.0,0.0,70.0
SE4626_J4816,414.0,9.0,0.0,28.0,30.0,3.0,0.0,0.0,0.0,0.0,0.0,0.0,5.0,0.0,0.0,0.0,0.0,0.0,0.0,0.0,7.0,0.0,0.0,8.0,0.0,0.0,0.0,0.0,0.0,0.0,0.0,0.0,11.0,0.0,0.0,0.0,10.0,0.0,5.0,32.0,0.0,0.0,55.0,0.0,0.0,0.0,182.0,105.0,0.0,332.0,0.0,0.0,0.0,0.0,546.0,0.0,30.0,5.0,0.0,0.0,0.0,0.0,0.0,10.0,5.0,509.0,0.0,0.0,14.0,25.0,0.0,0.0,0.0,0.0,0.0,0.0,232.0,0.0,0.0,9.0,32.0,47.0,0.0,0.0,0.0,1347.0,0.0,0.0,254.0,0.0,7.0,9.0,0.0,0.0,150.0,0.0,0.0,0.0,0.0,0.0,0.0,0.0,0.0,0.0,23.0,0.0,0.0,0.0,2.0,0.0,0.0,10.0,0.0,0.0,0.0,0.0,0.0,4.0,39.0,0.0,3.0,0.0,0.0,84.0,0.0,0.0,0.0,0.0,0.0,7.0,0.0,0.0,0.0,0.0,0.0,0.0,0.0,143.0,7.0,536.0,35.0,108.0,0.0,184.0,0.0,122.0,0.0,0.0,158.0,0.0,0.0,0.0,0.0,3.0,0.0,0.0,0.0,7.0,0.0,3.0,0.0,0.0,0.0,329.0,0.0,0.0,0.0,14.0,0.0,0.0,0.0,2.0,0.0,0.0,0.0,0.0,0.0,0.0,0.0,14.0,159.0,0.0,0.0,0.0,0.0,8.0,3.0,0.0,0.0,412.0,0.0,3.0,0.0,5.0,3.0,0.0,0.0,0.0,0.0,3.0,0.0,6.0,0.0,0.0,0.0,0.0,0.0,0.0,0.0,0.0,0.0,0.0,0.0,11.0,0.0,0.0,82.0,0.0,0.0,0.0,0.0,0.0,0.0,0.0,0.0,9.0,0.0,0.0,0.0,0.0,0.0,0.0,0.0,0.0,0.0,0.0,0.0,0.0,4.0,0.0,2.0,0.0,0.0,0.0,0.0,0.0,0.0,0.0,3.0,0.0,0.0,0.0,0.0,0.0,0.0,0.0,11.0,0.0,0.0,0.0,0.0,0.0,0.0,0.0,0.0,23.0,17.0,0.0,94.0,0.0,0.0,0.0,0.0,0.0,189.0,0.0,0.0,582.0,0.0,0.0,0.0,0.0,0.0,0.0,0.0,0.0,8.0,2.0,0.0,0.0,0.0,0.0,0.0,0.0,2.0,9.0,0.0,0.0,0.0,0.0,4.0,0.0,0.0,0.0,0.0,0.0,0.0,0.0,0.0,0.0,26.0,0.0,0.0,0.0,0.0,0.0,18.0,0.0,4.0,0.0,0.0,301.0,0.0,0.0,0.0,0.0,0.0,2.0,39.0,13.0,0.0,0.0,0.0,2.0,0.0,0.0,0.0,5.0,0.0,18.0,0.0,0.0,6.0
SE4627_J4816,946.0,2.0,0.0,17.0,0.0,2.0,0.0,0.0,0.0,0.0,0.0,0.0,12.0,0.0,0.0,0.0,0.0,0.0,0.0,0.0,11.0,0.0,0.0,0.0,0.0,0.0,0.0,0.0,0.0,0.0,0.0,0.0,0.0,0.0,0.0,0.0,0.0,0.0,12.0,7.0,8.0,0.0,22.0,0.0,0.0,4.0,465.0,129.0,0.0,126.0,0.0,0.0,0.0,0.0,700.0,0.0,40.0,6.0,6.0,0.0,0.0,0.0,0.0,10.0,0.0,245.0,7.0,0.0,0.0,403.0,0.0,0.0,0.0,0.0,0.0,0.0,7.0,0.0,0.0,6.0,87.0,18.0,0.0,0.0,0.0,1050.0,0.0,0.0,223.0,0.0,0.0,24.0,0.0,0.0,102.0,0.0,0.0,0.0,0.0,14.0,0.0,0.0,0.0,0.0,0.0,0.0,0.0,0.0,0.0,0.0,0.0,0.0,0.0,0.0,0.0,2.0,0.0,6.0,32.0,0.0,0.0,0.0,0.0,53.0,0.0,7.0,0.0,0.0,0.0,0.0,0.0,0.0,0.0,0.0,0.0,0.0,0.0,60.0,6.0,579.0,79.0,93.0,0.0,151.0,0.0,171.0,0.0,0.0,74.0,0.0,0.0,0.0,0.0,0.0,0.0,0.0,0.0,0.0,0.0,0.0,0.0,0.0,0.0,228.0,0.0,0.0,3.0,19.0,7.0,0.0,0.0,0.0,0.0,0.0,0.0,0.0,3.0,0.0,0.0,7.0,0.0,19.0,0.0,0.0,0.0,0.0,9.0,0.0,0.0,645.0,0.0,0.0,0.0,0.0,0.0,6.0,0.0,0.0,0.0,0.0,0.0,0.0,0.0,7.0,0.0,19.0,0.0,0.0,0.0,0.0,0.0,0.0,0.0,0.0,0.0,0.0,26.0,0.0,0.0,0.0,0.0,0.0,0.0,0.0,0.0,9.0,0.0,0.0,0.0,0.0,5.0,0.0,0.0,0.0,0.0,0.0,0.0,0.0,0.0,0.0,3.0,4.0,0.0,0.0,0.0,0.0,0.0,0.0,0.0,0.0,0.0,0.0,0.0,0.0,0.0,0.0,0.0,0.0,0.0,3.0,0.0,0.0,0.0,0.0,0.0,35.0,26.0,0.0,117.0,0.0,0.0,0.0,0.0,0.0,127.0,0.0,0.0,291.0,0.0,0.0,6.0,0.0,0.0,0.0,0.0,0.0,2.0,0.0,0.0,0.0,0.0,0.0,0.0,0.0,3.0,0.0,0.0,0.0,0.0,0.0,3.0,0.0,8.0,0.0,0.0,0.0,0.0,0.0,23.0,0.0,58.0,0.0,0.0,0.0,0.0,0.0,17.0,3.0,0.0,0.0,0.0,180.0,0.0,0.0,0.0,0.0,0.0,0.0,30.0,0.0,0.0,0.0,0.0,0.0,0.0,0.0,0.0,4.0,20.0,18.0,0.0,0.0,3.0
SE4628_J4816,417.0,48.0,0.0,62.0,5.0,8.0,5.0,46.0,0.0,0.0,0.0,0.0,7.0,0.0,0.0,0.0,11.0,0.0,0.0,0.0,8.0,0.0,0.0,6.0,0.0,0.0,0.0,0.0,0.0,0.0,0.0,0.0,6.0,0.0,0.0,0.0,0.0,0.0,8.0,0.0,0.0,0.0,118.0,46.0,0.0,25.0,292.0,37.0,0.0,164.0,0.0,0.0,0.0,0.0,714.0,0.0,114.0,4.0,0.0,0.0,0.0,5.0,0.0,57.0,0.0,250.0,0.0,0.0,0.0,0.0,0.0,0.0,0.0,0.0,0.0,0.0,0.0,0.0,0.0,0.0,13.0,201.0,0.0,0.0,0.0,310.0,0.0,0.0,827.0,0.0,4.0,0.0,0.0,0.0,94.0,0.0,0.0,0.0,4.0,0.0,0.0,0.0,0.0,0.0,0.0,0.0,0.0,0.0,0.0,0.0,0.0,0.0,0.0,0.0,0.0,0.0,0.0,2.0,60.0,0.0,0.0,0.0,0.0,64.0,0.0,0.0,0.0,0.0,0.0,0.0,0.0,0.0,0.0,0.0,4.0,0.0,0.0,83.0,0.0,513.0,22.0,74.0,0.0,324.0,0.0,351.0,0.0,0.0,0.0,0.0,0.0,0.0,0.0,0.0,0.0,0.0,0.0,7.0,25.0,0.0,0.0,10.0,0.0,568.0,0.0,154.0,0.0,16.0,30.0,0.0,0.0,20.0,0.0,0.0,0.0,0.0,20.0,13.0,0.0,9.0,0.0,117.0,0.0,2.0,0.0,0.0,0.0,0.0,2.0,82.0,0.0,0.0,0.0,0.0,0.0,0.0,0.0,0.0,0.0,0.0,0.0,0.0,9.0,11.0,0.0,0.0,0.0,0.0,0.0,0.0,0.0,0.0,0.0,0.0,0.0,0.0,85.0,0.0,0.0,0.0,0.0,0.0,0.0,0.0,0.0,14.0,0.0,0.0,0.0,0.0,0.0,0.0,0.0,0.0,0.0,0.0,0.0,0.0,0.0,0.0,6.0,0.0,0.0,0.0,0.0,0.0,0.0,0.0,4.0,0.0,0.0,0.0,0.0,0.0,0.0,0.0,0.0,0.0,0.0,0.0,0.0,0.0,0.0,0.0,0.0,80.0,105.0,0.0,499.0,0.0,0.0,0.0,0.0,0.0,7.0,0.0,0.0,547.0,0.0,5.0,0.0,0.0,0.0,0.0,0.0,0.0,5.0,8.0,0.0,0.0,0.0,12.0,0.0,0.0,14.0,13.0,4.0,0.0,0.0,0.0,0.0,0.0,4.0,2.0,9.0,0.0,0.0,0.0,0.0,0.0,20.0,0.0,0.0,0.0,0.0,0.0,3.0,57.0,0.0,0.0,0.0,414.0,2.0,0.0,0.0,0.0,0.0,0.0,7.0,0.0,0.0,5.0,0.0,0.0,0.0,0.0,0.0,9.0,10.0,32.0,0.0,0.0,42.0
SE4629_J4816,1209.0,2.0,0.0,84.0,0.0,4.0,16.0,29.0,0.0,17.0,0.0,0.0,37.0,0.0,0.0,0.0,111.0,0.0,0.0,0.0,43.0,0.0,0.0,0.0,0.0,0.0,6.0,0.0,0.0,0.0,0.0,0.0,0.0,0.0,0.0,0.0,0.0,0.0,34.0,0.0,0.0,0.0,69.0,0.0,0.0,42.0,85.0,17.0,0.0,51.0,0.0,0.0,0.0,0.0,932.0,0.0,47.0,3.0,0.0,5.0,0.0,0.0,0.0,3.0,0.0,62.0,0.0,0.0,0.0,0.0,0.0,0.0,0.0,0.0,0.0,0.0,0.0,0.0,0.0,0.0,19.0,49.0,4.0,0.0,0.0,4.0,0.0,0.0,950.0,0.0,0.0,15.0,0.0,0.0,165.0,0.0,8.0,0.0,6.0,0.0,0.0,0.0,0.0,0.0,0.0,98.0,0.0,0.0,2.0,0.0,0.0,0.0,0.0,0.0,0.0,0.0,0.0,0.0,120.0,0.0,0.0,0.0,0.0,132.0,0.0,0.0,0.0,0.0,0.0,0.0,0.0,0.0,4.0,0.0,0.0,0.0,0.0,126.0,0.0,418.0,14.0,108.0,0.0,316.0,0.0,299.0,14.0,0.0,0.0,0.0,2.0,0.0,0.0,0.0,0.0,0.0,0.0,47.0,25.0,9.0,0.0,172.0,0.0,542.0,0.0,109.0,0.0,9.0,23.0,0.0,0.0,15.0,0.0,0.0,0.0,0.0,32.0,9.0,0.0,11.0,0.0,57.0,0.0,0.0,0.0,0.0,11.0,0.0,0.0,14.0,0.0,10.0,0.0,0.0,2.0,0.0,0.0,0.0,0.0,0.0,0.0,0.0,5.0,19.0,0.0,0.0,6.0,0.0,0.0,0.0,0.0,0.0,0.0,0.0,0.0,0.0,247.0,0.0,0.0,0.0,0.0,0.0,0.0,0.0,0.0,11.0,0.0,0.0,0.0,0.0,0.0,0.0,0.0,0.0,0.0,0.0,0.0,0.0,0.0,0.0,15.0,0.0,0.0,0.0,0.0,0.0,0.0,0.0,0.0,0.0,0.0,0.0,0.0,0.0,0.0,0.0,0.0,0.0,0.0,0.0,0.0,0.0,0.0,0.0,0.0,96.0,130.0,0.0,453.0,0.0,0.0,0.0,0.0,0.0,5.0,0.0,0.0,526.0,0.0,0.0,0.0,0.0,0.0,0.0,0.0,0.0,0.0,3.0,0.0,0.0,0.0,0.0,0.0,0.0,10.0,6.0,0.0,0.0,0.0,0.0,0.0,0.0,6.0,15.0,0.0,0.0,0.0,0.0,0.0,0.0,0.0,0.0,0.0,22.0,0.0,0.0,7.0,11.0,0.0,0.0,0.0,198.0,0.0,0.0,0.0,0.0,0.0,0.0,15.0,0.0,0.0,0.0,0.0,7.0,0.0,0.0,3.0,17.0,5.0,15.0,0.0,0.0,158.0
SE4630_J4816,468.0,7.0,0.0,37.0,5.0,0.0,0.0,15.0,0.0,0.0,0.0,0.0,0.0,0.0,0.0,0.0,39.0,0.0,0.0,0.0,10.0,3.0,9.0,0.0,0.0,0.0,0.0,0.0,0.0,0.0,0.0,0.0,0.0,0.0,0.0,0.0,0.0,0.0,6.0,3.0,0.0,0.0,19.0,0.0,189.0,409.0,732.0,463.0,0.0,119.0,0.0,4.0,0.0,4.0,351.0,0.0,11.0,0.0,0.0,0.0,0.0,0.0,0.0,0.0,0.0,450.0,0.0,0.0,0.0,0.0,0.0,0.0,0.0,0.0,0.0,0.0,0.0,0.0,0.0,8.0,22.0,18.0,0.0,0.0,0.0,633.0,0.0,0.0,701.0,0.0,0.0,0.0,0.0,0.0,75.0,0.0,4.0,0.0,18.0,0.0,0.0,0.0,0.0,0.0,18.0,0.0,0.0,0.0,0.0,0.0,0.0,0.0,0.0,0.0,0.0,0.0,0.0,0.0,173.0,4.0,0.0,0.0,0.0,121.0,8.0,8.0,0.0,0.0,0.0,3.0,0.0,0.0,0.0,0.0,0.0,0.0,0.0,55.0,0.0,652.0,3.0,85.0,0.0,256.0,0.0,113.0,0.0,0.0,0.0,0.0,0.0,0.0,0.0,0.0,0.0,0.0,0.0,6.0,0.0,0.0,4.0,23.0,0.0,650.0,0.0,0.0,0.0,16.0,51.0,0.0,2.0,0.0,0.0,0.0,0.0,0.0,0.0,3.0,0.0,5.0,0.0,21.0,0.0,0.0,0.0,11.0,25.0,0.0,0.0,376.0,0.0,0.0,0.0,0.0,0.0,0.0,0.0,0.0,0.0,2.0,3.0,0.0,4.0,0.0,0.0,0.0,0.0,0.0,0.0,0.0,0.0,0.0,0.0,0.0,0.0,0.0,0.0,0.0,0.0,0.0,0.0,0.0,0.0,0.0,5.0,18.0,0.0,0.0,0.0,0.0,0.0,0.0,0.0,0.0,0.0,4.0,0.0,0.0,4.0,3.0,24.0,0.0,0.0,12.0,2.0,0.0,0.0,0.0,0.0,0.0,0.0,0.0,0.0,0.0,0.0,0.0,8.0,0.0,0.0,0.0,0.0,0.0,0.0,0.0,0.0,13.0,42.0,3.0,253.0,0.0,0.0,0.0,0.0,0.0,0.0,0.0,0.0,652.0,0.0,0.0,0.0,0.0,0.0,0.0,0.0,0.0,0.0,0.0,0.0,0.0,0.0,0.0,0.0,0.0,4.0,80.0,0.0,0.0,0.0,0.0,2.0,0.0,9.0,0.0,2.0,0.0,0.0,0.0,0.0,0.0,58.0,0.0,0.0,0.0,0.0,0.0,3.0,53.0,0.0,0.0,0.0,170.0,0.0,0.0,0.0,0.0,0.0,3.0,132.0,3.0,0.0,0.0,0.0,0.0,0.0,0.0,2.0,16.0,11.0,21.0,0.0,0.0,50.0
SE4631_J4816,1015.0,4.0,0.0,107.0,9.0,0.0,0.0,86.0,0.0,0.0,0.0,0.0,10.0,0.0,0.0,0.0,21.0,0.0,0.0,0.0,6.0,0.0,0.0,8.0,0.0,0.0,0.0,0.0,0.0,0.0,0.0,0.0,17.0,5.0,2.0,0.0,0.0,0.0,0.0,0.0,7.0,0.0,40.0,0.0,0.0,83.0,642.0,166.0,0.0,78.0,0.0,3.0,0.0,0.0,428.0,0.0,26.0,0.0,0.0,0.0,0.0,0.0,0.0,0.0,0.0,136.0,0.0,0.0,0.0,0.0,0.0,0.0,0.0,0.0,0.0,0.0,0.0,0.0,0.0,0.0,82.0,17.0,0.0,0.0,0.0,482.0,0.0,0.0,768.0,0.0,0.0,0.0,5.0,0.0,63.0,0.0,12.0,0.0,7.0,0.0,0.0,0.0,0.0,0.0,8.0,0.0,0.0,0.0,9.0,0.0,0.0,0.0,0.0,0.0,0.0,0.0,0.0,0.0,318.0,0.0,0.0,0.0,0.0,135.0,16.0,14.0,0.0,0.0,0.0,0.0,0.0,0.0,0.0,0.0,4.0,0.0,0.0,21.0,0.0,765.0,23.0,83.0,0.0,247.0,0.0,209.0,0.0,0.0,0.0,0.0,0.0,0.0,3.0,10.0,0.0,0.0,0.0,4.0,0.0,0.0,6.0,20.0,0.0,802.0,0.0,0.0,0.0,8.0,69.0,0.0,0.0,0.0,0.0,0.0,0.0,0.0,0.0,0.0,10.0,12.0,0.0,4.0,0.0,0.0,0.0,179.0,24.0,0.0,6.0,420.0,0.0,0.0,0.0,0.0,0.0,35.0,0.0,64.0,0.0,0.0,0.0,0.0,0.0,0.0,0.0,0.0,0.0,0.0,0.0,0.0,0.0,0.0,0.0,0.0,0.0,0.0,0.0,0.0,0.0,0.0,0.0,0.0,0.0,0.0,0.0,28.0,0.0,0.0,0.0,0.0,0.0,2.0,0.0,0.0,0.0,3.0,0.0,0.0,6.0,6.0,23.0,0.0,0.0,30.0,0.0,0.0,0.0,0.0,0.0,0.0,0.0,0.0,0.0,0.0,0.0,0.0,0.0,0.0,0.0,0.0,0.0,0.0,0.0,0.0,0.0,5.0,66.0,0.0,225.0,0.0,0.0,0.0,0.0,0.0,0.0,0.0,8.0,323.0,0.0,0.0,0.0,0.0,0.0,0.0,0.0,0.0,0.0,0.0,0.0,0.0,0.0,0.0,8.0,0.0,2.0,21.0,2.0,0.0,0.0,0.0,0.0,0.0,0.0,56.0,0.0,0.0,0.0,14.0,0.0,0.0,74.0,0.0,0.0,0.0,0.0,0.0,2.0,153.0,0.0,0.0,2.0,177.0,2.0,0.0,0.0,0.0,0.0,0.0,134.0,0.0,0.0,0.0,0.0,5.0,0.0,0.0,0.0,4.0,18.0,50.0,0.0,0.0,137.0
SE4632_J4816,2329.0,7.0,0.0,11.0,0.0,0.0,0.0,241.0,0.0,0.0,0.0,0.0,0.0,0.0,0.0,0.0,0.0,0.0,0.0,0.0,142.0,9.0,70.0,25.0,0.0,0.0,0.0,5.0,4.0,22.0,0.0,7.0,0.0,0.0,0.0,6.0,0.0,4.0,13.0,0.0,0.0,0.0,4.0,0.0,0.0,0.0,218.0,330.0,0.0,652.0,0.0,142.0,0.0,0.0,120.0,0.0,32.0,0.0,0.0,0.0,0.0,0.0,3.0,0.0,0.0,0.0,0.0,0.0,246.0,0.0,0.0,0.0,6.0,0.0,0.0,0.0,20.0,0.0,0.0,18.0,41.0,26.0,0.0,0.0,0.0,88.0,0.0,0.0,0.0,0.0,0.0,0.0,0.0,0.0,0.0,0.0,3.0,0.0,56.0,21.0,0.0,7.0,0.0,0.0,2.0,0.0,0.0,0.0,0.0,0.0,0.0,9.0,0.0,0.0,0.0,0.0,0.0,0.0,127.0,14.0,0.0,0.0,0.0,202.0,15.0,10.0,71.0,0.0,0.0,0.0,0.0,0.0,0.0,0.0,13.0,0.0,0.0,47.0,33.0,606.0,3.0,119.0,17.0,410.0,0.0,290.0,9.0,0.0,16.0,0.0,4.0,0.0,0.0,9.0,0.0,0.0,4.0,38.0,0.0,0.0,9.0,29.0,0.0,832.0,0.0,24.0,0.0,21.0,0.0,0.0,10.0,0.0,0.0,0.0,0.0,0.0,0.0,4.0,0.0,0.0,0.0,49.0,0.0,97.0,0.0,2.0,3.0,0.0,0.0,221.0,0.0,5.0,0.0,40.0,5.0,6.0,0.0,0.0,0.0,0.0,0.0,0.0,0.0,11.0,0.0,4.0,10.0,105.0,0.0,0.0,0.0,0.0,0.0,6.0,0.0,0.0,0.0,0.0,0.0,0.0,0.0,0.0,0.0,0.0,0.0,27.0,0.0,0.0,0.0,0.0,0.0,0.0,0.0,50.0,0.0,0.0,0.0,0.0,15.0,0.0,0.0,124.0,29.0,39.0,5.0,0.0,0.0,0.0,12.0,0.0,0.0,0.0,0.0,0.0,0.0,0.0,0.0,0.0,0.0,0.0,0.0,0.0,0.0,0.0,0.0,3.0,11.0,0.0,119.0,0.0,5.0,0.0,0.0,0.0,0.0,0.0,0.0,30.0,0.0,13.0,0.0,0.0,0.0,0.0,0.0,0.0,0.0,5.0,0.0,0.0,0.0,0.0,0.0,5.0,0.0,0.0,0.0,0.0,0.0,0.0,0.0,26.0,0.0,0.0,13.0,0.0,2.0,0.0,14.0,6.0,115.0,21.0,0.0,0.0,0.0,0.0,4.0,18.0,9.0,0.0,0.0,214.0,0.0,0.0,0.0,0.0,2.0,0.0,32.0,0.0,0.0,0.0,0.0,0.0,0.0,0.0,0.0,5.0,11.0,170.0,0.0,0.0,34.0
SE4633_J4816,1700.0,5.0,0.0,9.0,0.0,0.0,0.0,78.0,0.0,0.0,0.0,0.0,0.0,0.0,0.0,0.0,0.0,0.0,0.0,0.0,168.0,0.0,42.0,40.0,0.0,0.0,0.0,0.0,0.0,30.0,0.0,9.0,0.0,0.0,0.0,4.0,0.0,0.0,5.0,0.0,0.0,0.0,0.0,0.0,0.0,0.0,1116.0,19.0,0.0,396.0,0.0,155.0,0.0,0.0,266.0,0.0,22.0,144.0,0.0,0.0,0.0,0.0,12.0,0.0,15.0,0.0,0.0,0.0,0.0,0.0,0.0,0.0,0.0,0.0,0.0,0.0,31.0,0.0,0.0,0.0,101.0,36.0,0.0,0.0,0.0,63.0,0.0,0.0,0.0,0.0,0.0,0.0,0.0,0.0,0.0,0.0,0.0,0.0,88.0,0.0,0.0,0.0,0.0,0.0,14.0,0.0,0.0,0.0,0.0,0.0,0.0,13.0,0.0,0.0,3.0,0.0,0.0,0.0,31.0,14.0,0.0,0.0,0.0,198.0,36.0,15.0,0.0,0.0,0.0,0.0,0.0,0.0,0.0,0.0,5.0,0.0,0.0,42.0,21.0,532.0,96.0,133.0,11.0,412.0,0.0,180.0,30.0,0.0,28.0,0.0,6.0,0.0,2.0,0.0,0.0,0.0,0.0,17.0,0.0,0.0,11.0,26.0,0.0,907.0,0.0,15.0,0.0,22.0,0.0,5.0,0.0,0.0,0.0,0.0,0.0,0.0,0.0,0.0,0.0,0.0,13.0,20.0,0.0,81.0,0.0,0.0,0.0,0.0,0.0,435.0,0.0,0.0,0.0,158.0,16.0,11.0,0.0,0.0,0.0,0.0,0.0,0.0,3.0,0.0,0.0,2.0,0.0,5.0,0.0,0.0,0.0,0.0,0.0,5.0,0.0,0.0,0.0,0.0,0.0,0.0,0.0,0.0,0.0,0.0,0.0,18.0,0.0,0.0,0.0,0.0,0.0,0.0,0.0,29.0,0.0,0.0,0.0,0.0,30.0,0.0,0.0,0.0,0.0,96.0,0.0,0.0,0.0,0.0,0.0,6.0,0.0,0.0,0.0,0.0,0.0,0.0,0.0,0.0,0.0,0.0,0.0,0.0,0.0,0.0,0.0,0.0,10.0,0.0,108.0,0.0,5.0,0.0,0.0,0.0,0.0,0.0,0.0,22.0,0.0,0.0,0.0,0.0,0.0,0.0,0.0,0.0,0.0,0.0,0.0,0.0,0.0,8.0,0.0,5.0,0.0,0.0,0.0,0.0,0.0,0.0,2.0,66.0,0.0,0.0,0.0,0.0,0.0,0.0,3.0,0.0,43.0,5.0,0.0,0.0,0.0,0.0,2.0,37.0,11.0,0.0,0.0,211.0,0.0,0.0,0.0,0.0,0.0,0.0,30.0,8.0,0.0,0.0,0.0,3.0,0.0,0.0,0.0,0.0,62.0,29.0,0.0,0.0,25.0
SE4634_J4816,1196.0,0.0,0.0,34.0,5.0,11.0,0.0,348.0,0.0,0.0,0.0,0.0,0.0,0.0,0.0,0.0,0.0,0.0,0.0,0.0,171.0,0.0,187.0,27.0,0.0,0.0,0.0,0.0,0.0,13.0,16.0,11.0,6.0,0.0,0.0,19.0,0.0,0.0,4.0,0.0,0.0,0.0,0.0,0.0,0.0,0.0,959.0,41.0,0.0,288.0,0.0,19.0,0.0,0.0,58.0,0.0,4.0,0.0,0.0,0.0,0.0,0.0,0.0,5.0,2.0,69.0,0.0,0.0,0.0,0.0,0.0,0.0,0.0,0.0,0.0,0.0,89.0,0.0,0.0,0.0,0.0,0.0,0.0,0.0,0.0,155.0,0.0,0.0,0.0,0.0,0.0,0.0,0.0,0.0,17.0,0.0,0.0,0.0,52.0,0.0,0.0,0.0,0.0,0.0,0.0,0.0,0.0,0.0,0.0,0.0,0.0,22.0,0.0,0.0,9.0,0.0,0.0,0.0,23.0,16.0,0.0,0.0,0.0,76.0,34.0,25.0,0.0,0.0,0.0,0.0,0.0,0.0,0.0,0.0,34.0,0.0,0.0,110.0,54.0,283.0,57.0,82.0,37.0,585.0,0.0,112.0,307.0,4.0,8.0,0.0,5.0,0.0,0.0,4.0,0.0,0.0,7.0,79.0,0.0,0.0,6.0,34.0,0.0,570.0,0.0,32.0,0.0,18.0,0.0,0.0,36.0,16.0,0.0,0.0,0.0,0.0,0.0,0.0,0.0,0.0,0.0,0.0,0.0,0.0,0.0,0.0,0.0,0.0,0.0,87.0,0.0,0.0,0.0,0.0,5.0,10.0,0.0,0.0,0.0,0.0,0.0,0.0,0.0,477.0,0.0,0.0,0.0,7.0,0.0,0.0,0.0,0.0,0.0,14.0,0.0,0.0,0.0,0.0,0.0,0.0,0.0,0.0,0.0,0.0,0.0,26.0,0.0,0.0,0.0,0.0,0.0,0.0,0.0,0.0,0.0,0.0,0.0,0.0,19.0,0.0,2.0,3.0,0.0,19.0,0.0,0.0,0.0,0.0,0.0,0.0,2.0,0.0,0.0,0.0,0.0,0.0,0.0,0.0,0.0,0.0,0.0,0.0,0.0,0.0,0.0,0.0,8.0,0.0,183.0,15.0,8.0,0.0,0.0,0.0,0.0,0.0,0.0,19.0,0.0,2.0,0.0,0.0,0.0,140.0,0.0,0.0,0.0,0.0,0.0,0.0,0.0,3.0,0.0,0.0,0.0,0.0,0.0,0.0,0.0,0.0,0.0,54.0,0.0,0.0,0.0,0.0,0.0,0.0,7.0,0.0,46.0,0.0,3.0,0.0,0.0,0.0,0.0,19.0,3.0,0.0,0.0,137.0,0.0,0.0,0.0,4.0,0.0,0.0,15.0,17.0,0.0,0.0,0.0,0.0,0.0,0.0,0.0,19.0,281.0,78.0,0.0,0.0,78.0
SE4635_J4816,2181.0,8.0,0.0,74.0,5.0,6.0,0.0,119.0,0.0,0.0,0.0,0.0,0.0,0.0,0.0,0.0,0.0,0.0,0.0,0.0,218.0,2.0,71.0,73.0,0.0,0.0,0.0,8.0,5.0,32.0,0.0,9.0,0.0,4.0,0.0,3.0,0.0,0.0,27.0,0.0,0.0,0.0,0.0,0.0,0.0,0.0,947.0,347.0,0.0,1059.0,0.0,64.0,0.0,0.0,132.0,0.0,13.0,2.0,0.0,0.0,0.0,0.0,0.0,2.0,0.0,146.0,0.0,0.0,382.0,0.0,0.0,0.0,0.0,0.0,0.0,0.0,82.0,0.0,0.0,0.0,12.0,11.0,0.0,0.0,0.0,107.0,0.0,0.0,0.0,0.0,0.0,0.0,0.0,0.0,6.0,0.0,5.0,0.0,18.0,0.0,0.0,35.0,0.0,0.0,7.0,0.0,0.0,0.0,3.0,0.0,0.0,7.0,0.0,0.0,0.0,0.0,0.0,0.0,75.0,31.0,7.0,0.0,0.0,64.0,14.0,9.0,0.0,0.0,0.0,0.0,0.0,0.0,0.0,0.0,0.0,0.0,0.0,76.0,27.0,649.0,15.0,112.0,0.0,393.0,12.0,80.0,18.0,0.0,18.0,0.0,35.0,0.0,0.0,12.0,0.0,0.0,0.0,39.0,0.0,0.0,9.0,72.0,0.0,865.0,0.0,32.0,0.0,15.0,0.0,0.0,14.0,0.0,0.0,0.0,0.0,0.0,0.0,0.0,0.0,0.0,354.0,103.0,0.0,173.0,0.0,5.0,10.0,0.0,0.0,56.0,0.0,0.0,0.0,0.0,27.0,0.0,0.0,0.0,13.0,0.0,0.0,0.0,0.0,27.0,0.0,0.0,0.0,0.0,0.0,0.0,0.0,0.0,0.0,10.0,0.0,0.0,0.0,0.0,0.0,0.0,0.0,0.0,0.0,0.0,0.0,15.0,0.0,0.0,0.0,0.0,0.0,0.0,0.0,0.0,0.0,52.0,0.0,0.0,40.0,0.0,16.0,0.0,0.0,57.0,0.0,0.0,0.0,0.0,7.0,0.0,0.0,0.0,0.0,0.0,0.0,0.0,0.0,0.0,0.0,0.0,0.0,0.0,0.0,0.0,7.0,12.0,15.0,0.0,110.0,0.0,3.0,0.0,0.0,0.0,2.0,0.0,6.0,43.0,0.0,0.0,0.0,0.0,14.0,0.0,7.0,7.0,0.0,0.0,0.0,0.0,0.0,5.0,0.0,0.0,13.0,0.0,0.0,0.0,0.0,0.0,0.0,0.0,6.0,0.0,0.0,0.0,0.0,4.0,5.0,3.0,95.0,6.0,4.0,0.0,0.0,0.0,0.0,23.0,10.0,0.0,0.0,137.0,0.0,0.0,0.0,0.0,0.0,0.0,17.0,0.0,0.0,0.0,32.0,0.0,0.0,0.0,0.0,7.0,283.0,200.0,0.0,0.0,33.0
SE4636_J4816,1619.0,4.0,2.0,37.0,0.0,7.0,0.0,231.0,0.0,0.0,0.0,0.0,0.0,0.0,0.0,0.0,0.0,0.0,0.0,0.0,286.0,8.0,157.0,348.0,0.0,0.0,0.0,0.0,10.0,151.0,11.0,5.0,0.0,13.0,0.0,3.0,0.0,0.0,47.0,0.0,2.0,0.0,0.0,0.0,0.0,0.0,5.0,12.0,0.0,615.0,0.0,11.0,0.0,0.0,187.0,0.0,4.0,4.0,0.0,0.0,0.0,0.0,0.0,6.0,0.0,2046.0,0.0,0.0,3.0,3.0,0.0,0.0,0.0,0.0,0.0,0.0,6.0,0.0,0.0,0.0,10.0,11.0,0.0,0.0,0.0,0.0,0.0,0.0,0.0,0.0,0.0,2.0,0.0,0.0,7.0,0.0,3.0,0.0,7.0,0.0,0.0,195.0,0.0,0.0,0.0,0.0,0.0,0.0,3.0,0.0,0.0,0.0,0.0,0.0,0.0,0.0,0.0,0.0,143.0,12.0,9.0,0.0,0.0,113.0,9.0,71.0,0.0,0.0,0.0,0.0,0.0,0.0,0.0,0.0,0.0,0.0,0.0,96.0,30.0,284.0,8.0,105.0,10.0,278.0,0.0,128.0,33.0,0.0,25.0,0.0,2.0,0.0,0.0,4.0,0.0,0.0,0.0,36.0,0.0,0.0,9.0,116.0,0.0,875.0,0.0,113.0,0.0,19.0,3.0,0.0,18.0,0.0,0.0,0.0,0.0,0.0,0.0,0.0,0.0,0.0,245.0,131.0,0.0,1068.0,0.0,2.0,47.0,0.0,0.0,243.0,0.0,0.0,0.0,53.0,28.0,27.0,0.0,0.0,0.0,0.0,5.0,0.0,0.0,37.0,0.0,0.0,0.0,0.0,0.0,0.0,0.0,0.0,0.0,12.0,0.0,0.0,0.0,0.0,0.0,0.0,0.0,0.0,0.0,0.0,0.0,23.0,0.0,0.0,2.0,0.0,2.0,0.0,3.0,0.0,0.0,9.0,0.0,0.0,0.0,0.0,65.0,0.0,0.0,47.0,0.0,0.0,0.0,0.0,8.0,0.0,0.0,0.0,0.0,0.0,0.0,0.0,0.0,0.0,0.0,0.0,0.0,0.0,0.0,0.0,0.0,5.0,18.0,0.0,145.0,5.0,0.0,0.0,0.0,0.0,0.0,0.0,3.0,142.0,0.0,4.0,0.0,0.0,15.0,0.0,0.0,0.0,0.0,0.0,0.0,0.0,0.0,0.0,0.0,0.0,19.0,0.0,0.0,0.0,0.0,0.0,0.0,5.0,0.0,0.0,6.0,0.0,0.0,7.0,8.0,0.0,50.0,11.0,0.0,4.0,0.0,0.0,14.0,14.0,23.0,0.0,0.0,238.0,0.0,0.0,0.0,0.0,2.0,0.0,4.0,0.0,0.0,0.0,0.0,0.0,0.0,0.0,0.0,3.0,299.0,208.0,0.0,0.0,68.0
SE4637_J4816,2233.0,7.0,0.0,20.0,17.0,4.0,0.0,137.0,0.0,0.0,0.0,0.0,0.0,0.0,0.0,0.0,0.0,0.0,0.0,0.0,64.0,0.0,43.0,87.0,0.0,0.0,0.0,0.0,0.0,22.0,17.0,7.0,0.0,78.0,0.0,0.0,0.0,0.0,5.0,0.0,0.0,0.0,0.0,0.0,3.0,0.0,2729.0,194.0,0.0,382.0,0.0,27.0,0.0,0.0,118.0,0.0,32.0,2.0,0.0,0.0,0.0,0.0,0.0,4.0,0.0,0.0,0.0,0.0,94.0,0.0,0.0,0.0,0.0,0.0,0.0,0.0,168.0,0.0,0.0,0.0,45.0,15.0,0.0,91.0,0.0,501.0,0.0,0.0,8.0,0.0,0.0,2.0,0.0,0.0,32.0,0.0,8.0,0.0,28.0,0.0,0.0,0.0,0.0,0.0,0.0,0.0,0.0,0.0,19.0,0.0,0.0,4.0,0.0,0.0,10.0,0.0,0.0,0.0,222.0,0.0,0.0,0.0,0.0,100.0,14.0,0.0,0.0,0.0,0.0,0.0,0.0,0.0,0.0,0.0,0.0,0.0,0.0,152.0,14.0,204.0,19.0,38.0,35.0,254.0,0.0,102.0,22.0,0.0,6.0,0.0,0.0,0.0,0.0,0.0,0.0,0.0,4.0,19.0,0.0,0.0,0.0,61.0,11.0,1079.0,0.0,9.0,0.0,21.0,0.0,3.0,18.0,4.0,0.0,0.0,0.0,0.0,0.0,0.0,0.0,0.0,8.0,0.0,0.0,0.0,0.0,0.0,4.0,0.0,0.0,622.0,0.0,5.0,0.0,0.0,6.0,2.0,0.0,0.0,0.0,0.0,0.0,0.0,2.0,0.0,0.0,0.0,0.0,0.0,0.0,0.0,0.0,0.0,0.0,18.0,0.0,0.0,0.0,0.0,0.0,0.0,0.0,0.0,0.0,0.0,0.0,14.0,0.0,0.0,0.0,0.0,0.0,0.0,0.0,0.0,0.0,0.0,0.0,0.0,14.0,0.0,0.0,11.0,0.0,119.0,0.0,0.0,0.0,0.0,0.0,0.0,0.0,0.0,0.0,0.0,0.0,0.0,0.0,0.0,0.0,0.0,0.0,0.0,0.0,0.0,0.0,0.0,0.0,0.0,119.0,9.0,0.0,0.0,0.0,0.0,0.0,0.0,0.0,43.0,0.0,0.0,0.0,0.0,0.0,0.0,0.0,0.0,0.0,0.0,5.0,0.0,0.0,0.0,0.0,0.0,0.0,3.0,0.0,3.0,0.0,0.0,0.0,6.0,0.0,0.0,13.0,0.0,0.0,0.0,2.0,0.0,48.0,0.0,0.0,2.0,0.0,0.0,0.0,91.0,54.0,0.0,0.0,88.0,0.0,0.0,6.0,4.0,0.0,0.0,33.0,7.0,2.0,0.0,0.0,0.0,0.0,0.0,0.0,0.0,30.0,20.0,0.0,0.0,32.0
SE4638_J4816,1730.0,38.0,0.0,37.0,59.0,7.0,0.0,4.0,0.0,2.0,0.0,0.0,3.0,0.0,23.0,0.0,0.0,3.0,0.0,0.0,53.0,0.0,0.0,39.0,0.0,0.0,0.0,0.0,0.0,0.0,0.0,0.0,0.0,0.0,0.0,0.0,0.0,0.0,0.0,0.0,11.0,0.0,19.0,212.0,76.0,25.0,212.0,72.0,0.0,80.0,0.0,0.0,0.0,0.0,303.0,0.0,3.0,5.0,0.0,0.0,8.0,4.0,0.0,4.0,0.0,611.0,0.0,0.0,0.0,0.0,0.0,0.0,0.0,0.0,0.0,0.0,0.0,0.0,0.0,15.0,3.0,144.0,0.0,0.0,21.0,578.0,2.0,2.0,115.0,0.0,0.0,27.0,0.0,0.0,357.0,0.0,118.0,0.0,8.0,0.0,0.0,0.0,0.0,0.0,0.0,0.0,0.0,0.0,2.0,0.0,0.0,0.0,0.0,0.0,0.0,0.0,0.0,0.0,121.0,0.0,0.0,0.0,0.0,95.0,45.0,3.0,0.0,0.0,19.0,0.0,6.0,0.0,0.0,0.0,0.0,0.0,0.0,59.0,6.0,481.0,11.0,70.0,0.0,34.0,0.0,125.0,0.0,27.0,0.0,0.0,0.0,0.0,0.0,2.0,0.0,0.0,0.0,0.0,8.0,0.0,0.0,104.0,0.0,158.0,0.0,0.0,0.0,0.0,0.0,0.0,0.0,6.0,0.0,0.0,0.0,0.0,10.0,0.0,0.0,0.0,0.0,0.0,0.0,0.0,0.0,0.0,2.0,0.0,0.0,90.0,0.0,7.0,0.0,110.0,0.0,0.0,0.0,0.0,0.0,0.0,3.0,0.0,95.0,142.0,0.0,0.0,0.0,0.0,0.0,0.0,0.0,0.0,0.0,3.0,0.0,0.0,0.0,0.0,0.0,0.0,0.0,0.0,0.0,0.0,0.0,14.0,0.0,0.0,0.0,0.0,0.0,0.0,0.0,0.0,0.0,0.0,0.0,0.0,0.0,0.0,37.0,0.0,0.0,0.0,0.0,0.0,0.0,0.0,0.0,0.0,0.0,2.0,0.0,0.0,0.0,0.0,0.0,0.0,0.0,0.0,0.0,0.0,0.0,0.0,0.0,0.0,5.0,0.0,534.0,0.0,0.0,0.0,0.0,0.0,20.0,0.0,0.0,54.0,37.0,0.0,0.0,0.0,0.0,0.0,0.0,0.0,0.0,0.0,3.0,0.0,0.0,0.0,0.0,0.0,0.0,4.0,0.0,0.0,0.0,0.0,4.0,0.0,8.0,0.0,0.0,0.0,0.0,11.0,0.0,0.0,34.0,0.0,0.0,0.0,7.0,0.0,20.0,10.0,0.0,0.0,0.0,105.0,0.0,0.0,0.0,0.0,0.0,0.0,26.0,4.0,0.0,0.0,0.0,0.0,0.0,0.0,0.0,0.0,21.0,19.0,0.0,0.0,9.0
SE4639_J4816,1133.0,61.0,0.0,54.0,9.0,20.0,0.0,6.0,0.0,5.0,0.0,0.0,0.0,0.0,0.0,0.0,3.0,0.0,0.0,0.0,70.0,3.0,0.0,36.0,0.0,0.0,0.0,0.0,0.0,0.0,0.0,0.0,0.0,0.0,0.0,0.0,0.0,0.0,10.0,0.0,0.0,0.0,65.0,16.0,12.0,23.0,69.0,25.0,0.0,116.0,0.0,2.0,0.0,0.0,568.0,0.0,65.0,0.0,12.0,0.0,0.0,0.0,0.0,3.0,0.0,91.0,0.0,0.0,0.0,0.0,0.0,0.0,0.0,0.0,0.0,0.0,0.0,0.0,0.0,0.0,11.0,74.0,0.0,3.0,0.0,100.0,6.0,0.0,267.0,0.0,0.0,4.0,0.0,0.0,91.0,0.0,10.0,0.0,69.0,0.0,0.0,0.0,0.0,0.0,0.0,0.0,0.0,0.0,0.0,0.0,0.0,0.0,0.0,0.0,0.0,0.0,0.0,0.0,66.0,0.0,0.0,14.0,0.0,161.0,33.0,22.0,5.0,0.0,0.0,0.0,0.0,0.0,0.0,0.0,0.0,0.0,0.0,50.0,168.0,435.0,0.0,41.0,4.0,127.0,0.0,276.0,5.0,26.0,2.0,0.0,0.0,0.0,0.0,3.0,0.0,14.0,0.0,4.0,3.0,0.0,3.0,33.0,0.0,513.0,4.0,0.0,0.0,5.0,0.0,0.0,0.0,0.0,0.0,0.0,0.0,0.0,9.0,5.0,7.0,10.0,0.0,18.0,0.0,0.0,3.0,4.0,0.0,0.0,2.0,0.0,0.0,11.0,0.0,0.0,0.0,0.0,0.0,0.0,0.0,0.0,0.0,0.0,0.0,25.0,0.0,0.0,0.0,0.0,0.0,0.0,0.0,0.0,0.0,5.0,0.0,0.0,0.0,0.0,0.0,0.0,0.0,0.0,72.0,0.0,0.0,22.0,0.0,0.0,0.0,0.0,0.0,0.0,0.0,0.0,0.0,0.0,0.0,0.0,0.0,0.0,0.0,0.0,0.0,0.0,0.0,0.0,0.0,0.0,0.0,0.0,0.0,0.0,0.0,0.0,0.0,0.0,0.0,0.0,8.0,0.0,0.0,0.0,0.0,0.0,0.0,52.0,12.0,0.0,732.0,0.0,0.0,0.0,0.0,0.0,86.0,0.0,0.0,192.0,159.0,0.0,0.0,0.0,0.0,0.0,0.0,0.0,0.0,0.0,5.0,0.0,0.0,0.0,0.0,0.0,0.0,0.0,0.0,0.0,0.0,0.0,0.0,0.0,0.0,0.0,0.0,0.0,0.0,0.0,0.0,0.0,4.0,0.0,0.0,0.0,0.0,10.0,9.0,0.0,0.0,0.0,0.0,181.0,3.0,12.0,0.0,0.0,0.0,0.0,31.0,0.0,3.0,0.0,15.0,0.0,0.0,0.0,0.0,0.0,247.0,57.0,0.0,0.0,237.0
SE4640_J4816,1176.0,24.0,0.0,62.0,13.0,13.0,0.0,0.0,0.0,4.0,0.0,0.0,5.0,0.0,0.0,0.0,0.0,0.0,0.0,0.0,101.0,3.0,0.0,7.0,0.0,0.0,0.0,0.0,0.0,0.0,0.0,0.0,0.0,0.0,0.0,0.0,0.0,0.0,5.0,0.0,4.0,0.0,58.0,6.0,31.0,10.0,325.0,77.0,0.0,244.0,0.0,2.0,0.0,0.0,441.0,0.0,27.0,6.0,0.0,0.0,8.0,3.0,0.0,4.0,0.0,327.0,0.0,0.0,0.0,4.0,46.0,0.0,0.0,0.0,0.0,0.0,0.0,0.0,0.0,0.0,181.0,80.0,0.0,3.0,4.0,227.0,0.0,0.0,140.0,0.0,0.0,26.0,0.0,0.0,121.0,0.0,0.0,0.0,0.0,0.0,0.0,0.0,0.0,0.0,0.0,0.0,11.0,0.0,2.0,0.0,0.0,0.0,0.0,0.0,0.0,0.0,0.0,12.0,96.0,0.0,0.0,0.0,0.0,118.0,32.0,30.0,0.0,0.0,0.0,3.0,0.0,0.0,0.0,0.0,0.0,0.0,0.0,156.0,16.0,487.0,20.0,32.0,21.0,64.0,0.0,100.0,7.0,24.0,0.0,0.0,0.0,0.0,0.0,0.0,0.0,3.0,0.0,0.0,17.0,0.0,0.0,13.0,8.0,343.0,0.0,0.0,0.0,5.0,0.0,0.0,0.0,0.0,0.0,2.0,0.0,0.0,12.0,0.0,0.0,16.0,0.0,13.0,2.0,0.0,8.0,0.0,4.0,0.0,0.0,12.0,0.0,0.0,0.0,191.0,0.0,0.0,0.0,0.0,0.0,0.0,65.0,0.0,10.0,174.0,0.0,0.0,0.0,0.0,0.0,0.0,0.0,0.0,3.0,0.0,0.0,0.0,0.0,0.0,0.0,0.0,0.0,0.0,77.0,0.0,0.0,17.0,0.0,0.0,0.0,0.0,0.0,0.0,0.0,0.0,0.0,0.0,0.0,0.0,0.0,0.0,0.0,0.0,7.0,0.0,0.0,2.0,0.0,0.0,0.0,0.0,0.0,2.0,0.0,0.0,0.0,0.0,0.0,5.0,0.0,0.0,0.0,0.0,0.0,5.0,0.0,9.0,40.0,0.0,633.0,0.0,0.0,0.0,0.0,0.0,72.0,0.0,0.0,59.0,41.0,0.0,0.0,0.0,0.0,0.0,0.0,0.0,0.0,0.0,3.0,0.0,0.0,0.0,0.0,0.0,0.0,0.0,0.0,0.0,0.0,8.0,0.0,0.0,0.0,0.0,0.0,0.0,0.0,0.0,0.0,0.0,7.0,0.0,0.0,0.0,0.0,0.0,7.0,11.0,0.0,0.0,0.0,265.0,0.0,9.0,0.0,2.0,0.0,0.0,48.0,2.0,4.0,0.0,3.0,29.0,0.0,0.0,0.0,0.0,34.0,89.0,0.0,0.0,16.0
SE4641_J4816,1206.0,36.0,0.0,96.0,192.0,0.0,0.0,3.0,0.0,0.0,0.0,0.0,0.0,0.0,0.0,0.0,0.0,0.0,0.0,0.0,95.0,2.0,0.0,74.0,0.0,0.0,0.0,0.0,0.0,0.0,0.0,0.0,0.0,0.0,0.0,0.0,0.0,0.0,2.0,0.0,3.0,0.0,54.0,12.0,45.0,49.0,317.0,66.0,0.0,16.0,0.0,0.0,0.0,0.0,434.0,0.0,11.0,11.0,6.0,3.0,8.0,2.0,0.0,3.0,0.0,350.0,0.0,0.0,0.0,0.0,0.0,0.0,0.0,0.0,0.0,0.0,0.0,0.0,0.0,0.0,40.0,101.0,0.0,0.0,4.0,322.0,0.0,3.0,142.0,0.0,0.0,7.0,0.0,0.0,311.0,0.0,19.0,0.0,9.0,0.0,0.0,0.0,0.0,0.0,2.0,0.0,0.0,0.0,14.0,0.0,0.0,0.0,0.0,0.0,0.0,0.0,0.0,0.0,115.0,0.0,3.0,0.0,0.0,138.0,76.0,5.0,0.0,0.0,0.0,0.0,0.0,0.0,0.0,0.0,0.0,0.0,0.0,39.0,6.0,642.0,11.0,30.0,0.0,107.0,0.0,127.0,6.0,23.0,17.0,0.0,0.0,0.0,3.0,0.0,0.0,0.0,0.0,0.0,11.0,0.0,0.0,96.0,0.0,466.0,0.0,0.0,0.0,6.0,0.0,0.0,0.0,0.0,0.0,0.0,0.0,0.0,10.0,0.0,0.0,17.0,4.0,11.0,0.0,0.0,0.0,0.0,6.0,0.0,0.0,48.0,0.0,13.0,0.0,516.0,0.0,0.0,0.0,0.0,0.0,0.0,21.0,0.0,66.0,0.0,0.0,0.0,0.0,0.0,0.0,0.0,0.0,0.0,0.0,3.0,0.0,0.0,0.0,0.0,0.0,0.0,0.0,0.0,0.0,0.0,0.0,23.0,0.0,0.0,0.0,0.0,0.0,6.0,0.0,5.0,0.0,0.0,0.0,2.0,0.0,0.0,104.0,0.0,0.0,4.0,0.0,0.0,0.0,0.0,0.0,0.0,0.0,0.0,0.0,54.0,0.0,0.0,0.0,5.0,0.0,0.0,0.0,0.0,0.0,0.0,0.0,89.0,7.0,0.0,664.0,0.0,0.0,0.0,0.0,0.0,6.0,0.0,0.0,184.0,4.0,0.0,4.0,0.0,0.0,0.0,0.0,0.0,0.0,0.0,12.0,0.0,2.0,3.0,0.0,0.0,3.0,0.0,0.0,0.0,0.0,0.0,3.0,0.0,14.0,0.0,0.0,0.0,0.0,0.0,0.0,0.0,30.0,0.0,0.0,0.0,3.0,0.0,51.0,22.0,0.0,0.0,0.0,140.0,4.0,14.0,0.0,0.0,0.0,0.0,54.0,0.0,0.0,0.0,2.0,2.0,0.0,0.0,0.0,0.0,9.0,23.0,0.0,0.0,23.0
SE4642_J4816,1781.0,98.0,0.0,96.0,42.0,126.0,0.0,10.0,0.0,7.0,4.0,0.0,6.0,0.0,0.0,2.0,0.0,0.0,0.0,0.0,77.0,2.0,0.0,7.0,0.0,4.0,0.0,0.0,0.0,0.0,0.0,0.0,5.0,0.0,0.0,0.0,0.0,0.0,2.0,0.0,14.0,0.0,28.0,18.0,71.0,11.0,376.0,56.0,0.0,303.0,0.0,23.0,0.0,0.0,380.0,0.0,51.0,31.0,27.0,0.0,0.0,3.0,0.0,18.0,0.0,449.0,0.0,0.0,0.0,0.0,0.0,0.0,0.0,0.0,0.0,0.0,0.0,0.0,0.0,0.0,35.0,39.0,0.0,4.0,0.0,406.0,0.0,2.0,110.0,0.0,0.0,43.0,0.0,0.0,107.0,0.0,7.0,0.0,24.0,0.0,0.0,0.0,0.0,0.0,0.0,0.0,0.0,0.0,11.0,0.0,0.0,0.0,0.0,0.0,0.0,0.0,0.0,0.0,81.0,0.0,0.0,0.0,0.0,71.0,9.0,0.0,20.0,0.0,17.0,0.0,0.0,0.0,0.0,0.0,0.0,0.0,0.0,71.0,29.0,615.0,23.0,29.0,11.0,106.0,0.0,98.0,3.0,9.0,27.0,0.0,0.0,0.0,0.0,3.0,0.0,7.0,0.0,20.0,13.0,0.0,0.0,55.0,11.0,318.0,0.0,0.0,0.0,29.0,14.0,0.0,0.0,0.0,0.0,0.0,0.0,0.0,8.0,0.0,0.0,27.0,3.0,0.0,0.0,0.0,6.0,0.0,11.0,0.0,3.0,32.0,0.0,9.0,0.0,5.0,0.0,0.0,0.0,146.0,0.0,0.0,0.0,0.0,20.0,3.0,0.0,0.0,0.0,0.0,0.0,0.0,0.0,0.0,0.0,0.0,0.0,0.0,2.0,0.0,0.0,0.0,0.0,0.0,0.0,0.0,0.0,21.0,0.0,0.0,0.0,0.0,0.0,0.0,0.0,0.0,0.0,0.0,0.0,0.0,0.0,0.0,30.0,0.0,0.0,0.0,0.0,0.0,0.0,0.0,0.0,0.0,0.0,0.0,0.0,0.0,0.0,0.0,0.0,0.0,2.0,0.0,0.0,0.0,0.0,0.0,0.0,42.0,3.0,0.0,919.0,0.0,0.0,0.0,0.0,0.0,22.0,0.0,0.0,276.0,16.0,0.0,0.0,0.0,0.0,0.0,0.0,0.0,0.0,0.0,2.0,0.0,0.0,0.0,0.0,0.0,3.0,0.0,0.0,0.0,0.0,7.0,0.0,0.0,0.0,0.0,0.0,0.0,0.0,0.0,0.0,0.0,24.0,0.0,0.0,0.0,0.0,8.0,0.0,8.0,0.0,0.0,0.0,145.0,4.0,6.0,0.0,0.0,0.0,0.0,22.0,2.0,2.0,0.0,3.0,3.0,0.0,0.0,0.0,0.0,28.0,17.0,0.0,0.0,15.0
SE4643_J4816,1551.0,29.0,0.0,262.0,44.0,4.0,0.0,26.0,0.0,8.0,0.0,0.0,27.0,0.0,0.0,9.0,0.0,0.0,0.0,0.0,133.0,16.0,0.0,10.0,0.0,6.0,3.0,3.0,0.0,0.0,0.0,0.0,0.0,0.0,0.0,0.0,4.0,0.0,4.0,0.0,5.0,0.0,105.0,45.0,272.0,42.0,345.0,90.0,0.0,904.0,0.0,0.0,0.0,0.0,697.0,0.0,50.0,20.0,6.0,0.0,5.0,2.0,0.0,9.0,0.0,437.0,0.0,0.0,0.0,0.0,3.0,0.0,0.0,0.0,0.0,0.0,0.0,0.0,0.0,4.0,68.0,53.0,0.0,11.0,0.0,301.0,2.0,0.0,435.0,0.0,0.0,149.0,0.0,0.0,269.0,0.0,17.0,0.0,105.0,0.0,0.0,0.0,0.0,0.0,0.0,0.0,0.0,0.0,0.0,0.0,0.0,0.0,0.0,0.0,0.0,0.0,0.0,3.0,168.0,0.0,0.0,0.0,0.0,314.0,12.0,16.0,17.0,0.0,5.0,0.0,0.0,0.0,0.0,0.0,0.0,0.0,0.0,129.0,28.0,762.0,11.0,77.0,3.0,112.0,0.0,297.0,0.0,14.0,11.0,0.0,0.0,0.0,0.0,5.0,0.0,0.0,0.0,8.0,6.0,0.0,0.0,55.0,15.0,934.0,15.0,19.0,0.0,12.0,0.0,0.0,0.0,3.0,0.0,0.0,0.0,0.0,6.0,4.0,0.0,46.0,5.0,24.0,0.0,2.0,0.0,0.0,6.0,0.0,4.0,33.0,0.0,34.0,0.0,0.0,0.0,0.0,0.0,255.0,0.0,0.0,0.0,0.0,75.0,62.0,0.0,0.0,0.0,0.0,0.0,0.0,0.0,0.0,0.0,5.0,0.0,0.0,6.0,0.0,0.0,0.0,0.0,0.0,5.0,0.0,0.0,34.0,0.0,0.0,0.0,0.0,0.0,0.0,0.0,5.0,0.0,0.0,0.0,0.0,0.0,0.0,7.0,0.0,0.0,0.0,0.0,0.0,0.0,0.0,0.0,0.0,0.0,0.0,0.0,0.0,0.0,0.0,0.0,0.0,3.0,0.0,0.0,0.0,0.0,0.0,0.0,136.0,44.0,0.0,1140.0,0.0,0.0,0.0,0.0,0.0,88.0,0.0,0.0,518.0,12.0,0.0,0.0,0.0,0.0,0.0,0.0,0.0,0.0,0.0,7.0,0.0,0.0,0.0,0.0,0.0,0.0,9.0,0.0,0.0,0.0,0.0,3.0,0.0,6.0,0.0,0.0,0.0,0.0,0.0,0.0,0.0,23.0,0.0,0.0,0.0,2.0,21.0,0.0,17.0,0.0,2.0,0.0,318.0,2.0,24.0,0.0,0.0,0.0,0.0,58.0,8.0,9.0,0.0,21.0,5.0,0.0,0.0,0.0,0.0,72.0,22.0,0.0,0.0,48.0
SE4644_J4816,1344.0,33.0,0.0,13.0,2.0,0.0,0.0,25.0,0.0,0.0,0.0,0.0,0.0,0.0,0.0,0.0,0.0,0.0,0.0,0.0,58.0,0.0,15.0,36.0,0.0,0.0,0.0,0.0,0.0,12.0,0.0,0.0,0.0,20.0,0.0,0.0,0.0,3.0,10.0,0.0,0.0,0.0,0.0,0.0,0.0,4.0,532.0,631.0,0.0,310.0,0.0,71.0,0.0,0.0,64.0,0.0,48.0,10.0,0.0,0.0,0.0,0.0,0.0,5.0,0.0,811.0,0.0,0.0,329.0,0.0,0.0,0.0,0.0,0.0,0.0,0.0,71.0,0.0,0.0,0.0,69.0,0.0,0.0,0.0,0.0,156.0,0.0,0.0,0.0,0.0,0.0,5.0,0.0,0.0,0.0,0.0,0.0,0.0,59.0,28.0,0.0,0.0,0.0,0.0,210.0,0.0,0.0,0.0,0.0,0.0,0.0,22.0,0.0,0.0,3.0,0.0,0.0,0.0,611.0,0.0,0.0,0.0,0.0,57.0,6.0,14.0,0.0,0.0,0.0,0.0,0.0,0.0,0.0,0.0,5.0,0.0,0.0,11.0,72.0,1007.0,34.0,71.0,0.0,435.0,0.0,198.0,5.0,0.0,16.0,0.0,0.0,0.0,0.0,4.0,0.0,0.0,5.0,11.0,0.0,0.0,3.0,57.0,0.0,803.0,0.0,10.0,0.0,21.0,2.0,0.0,0.0,0.0,0.0,0.0,0.0,0.0,0.0,0.0,0.0,0.0,37.0,25.0,0.0,0.0,0.0,4.0,12.0,0.0,0.0,36.0,2.0,0.0,0.0,0.0,0.0,0.0,0.0,0.0,0.0,0.0,0.0,0.0,0.0,36.0,0.0,0.0,0.0,105.0,0.0,0.0,0.0,0.0,0.0,15.0,0.0,0.0,0.0,0.0,0.0,0.0,0.0,0.0,0.0,0.0,0.0,6.0,0.0,0.0,0.0,0.0,0.0,0.0,0.0,0.0,0.0,3.0,0.0,0.0,45.0,0.0,0.0,0.0,0.0,89.0,0.0,0.0,0.0,0.0,17.0,0.0,0.0,0.0,0.0,0.0,0.0,0.0,16.0,0.0,0.0,0.0,0.0,0.0,0.0,0.0,0.0,0.0,14.0,0.0,34.0,0.0,0.0,0.0,0.0,0.0,3.0,0.0,4.0,769.0,0.0,3.0,0.0,0.0,0.0,0.0,0.0,0.0,0.0,0.0,0.0,0.0,0.0,0.0,0.0,0.0,6.0,0.0,0.0,0.0,0.0,0.0,0.0,8.0,0.0,3.0,0.0,0.0,0.0,5.0,0.0,5.0,75.0,0.0,0.0,0.0,0.0,0.0,0.0,115.0,0.0,2.0,0.0,137.0,0.0,0.0,0.0,0.0,0.0,0.0,27.0,0.0,0.0,0.0,0.0,0.0,0.0,0.0,0.0,0.0,27.0,18.0,0.0,2.0,60.0
SE4645_J4816,1256.0,16.0,0.0,17.0,9.0,2.0,0.0,102.0,0.0,0.0,0.0,0.0,5.0,0.0,0.0,0.0,0.0,0.0,0.0,0.0,97.0,0.0,12.0,53.0,0.0,0.0,0.0,0.0,0.0,15.0,0.0,7.0,0.0,14.0,0.0,8.0,0.0,0.0,16.0,0.0,0.0,0.0,0.0,0.0,0.0,0.0,565.0,221.0,0.0,362.0,0.0,92.0,0.0,0.0,69.0,0.0,11.0,0.0,0.0,0.0,0.0,0.0,0.0,3.0,0.0,497.0,0.0,0.0,31.0,193.0,0.0,0.0,0.0,0.0,0.0,0.0,0.0,6.0,0.0,0.0,33.0,67.0,0.0,0.0,0.0,458.0,0.0,0.0,0.0,0.0,0.0,2.0,0.0,0.0,15.0,0.0,3.0,0.0,69.0,7.0,0.0,0.0,0.0,0.0,0.0,0.0,0.0,0.0,0.0,0.0,0.0,34.0,0.0,0.0,0.0,0.0,0.0,0.0,42.0,0.0,0.0,0.0,0.0,84.0,9.0,7.0,0.0,6.0,0.0,0.0,0.0,0.0,0.0,0.0,12.0,0.0,0.0,14.0,11.0,355.0,30.0,58.0,0.0,325.0,0.0,177.0,18.0,6.0,7.0,0.0,5.0,0.0,0.0,7.0,0.0,0.0,3.0,5.0,0.0,0.0,18.0,59.0,0.0,756.0,0.0,9.0,0.0,9.0,5.0,0.0,17.0,2.0,0.0,0.0,0.0,9.0,0.0,0.0,0.0,0.0,70.0,19.0,0.0,0.0,0.0,10.0,0.0,0.0,2.0,9.0,0.0,0.0,0.0,357.0,0.0,0.0,0.0,0.0,0.0,0.0,0.0,0.0,0.0,0.0,0.0,0.0,0.0,12.0,0.0,0.0,0.0,0.0,0.0,8.0,0.0,0.0,0.0,0.0,0.0,0.0,0.0,0.0,0.0,0.0,17.0,14.0,0.0,0.0,0.0,0.0,4.0,0.0,8.0,0.0,2.0,0.0,0.0,0.0,47.0,0.0,0.0,0.0,0.0,221.0,0.0,0.0,0.0,0.0,14.0,0.0,0.0,0.0,0.0,0.0,0.0,0.0,0.0,0.0,0.0,0.0,0.0,0.0,0.0,0.0,0.0,0.0,32.0,0.0,82.0,0.0,0.0,0.0,0.0,0.0,0.0,0.0,0.0,25.0,0.0,8.0,0.0,0.0,0.0,0.0,0.0,0.0,0.0,0.0,6.0,0.0,0.0,0.0,0.0,0.0,0.0,0.0,0.0,0.0,0.0,0.0,0.0,9.0,0.0,0.0,11.0,0.0,0.0,0.0,0.0,0.0,44.0,0.0,0.0,4.0,0.0,0.0,2.0,126.0,7.0,0.0,0.0,130.0,0.0,0.0,0.0,0.0,0.0,0.0,19.0,0.0,0.0,0.0,0.0,0.0,0.0,0.0,0.0,2.0,146.0,29.0,0.0,0.0,82.0
SE4646_J4816,1121.0,4.0,3.0,17.0,0.0,0.0,0.0,56.0,0.0,0.0,0.0,0.0,0.0,0.0,0.0,0.0,0.0,0.0,0.0,0.0,92.0,0.0,36.0,165.0,0.0,0.0,0.0,0.0,0.0,26.0,0.0,0.0,0.0,10.0,0.0,6.0,0.0,0.0,7.0,0.0,0.0,0.0,0.0,0.0,9.0,2.0,1194.0,378.0,0.0,251.0,0.0,85.0,0.0,0.0,137.0,0.0,11.0,42.0,0.0,0.0,0.0,0.0,5.0,0.0,9.0,233.0,8.0,0.0,136.0,0.0,0.0,0.0,0.0,0.0,0.0,0.0,8.0,0.0,0.0,0.0,39.0,2.0,0.0,0.0,0.0,9.0,0.0,0.0,0.0,0.0,0.0,0.0,0.0,0.0,0.0,0.0,7.0,0.0,78.0,26.0,0.0,5.0,0.0,0.0,5.0,0.0,0.0,0.0,6.0,0.0,0.0,0.0,0.0,0.0,6.0,0.0,0.0,0.0,57.0,0.0,13.0,0.0,0.0,190.0,17.0,146.0,0.0,4.0,0.0,0.0,0.0,0.0,0.0,0.0,7.0,0.0,0.0,30.0,54.0,286.0,3.0,146.0,0.0,327.0,0.0,164.0,12.0,0.0,199.0,0.0,3.0,0.0,0.0,15.0,0.0,0.0,0.0,147.0,0.0,0.0,5.0,11.0,0.0,841.0,0.0,20.0,0.0,20.0,0.0,0.0,0.0,2.0,0.0,0.0,0.0,0.0,0.0,10.0,0.0,0.0,0.0,16.0,0.0,102.0,0.0,136.0,0.0,0.0,0.0,205.0,0.0,5.0,0.0,0.0,87.0,52.0,0.0,0.0,0.0,3.0,0.0,0.0,0.0,0.0,0.0,9.0,0.0,3.0,0.0,0.0,0.0,0.0,0.0,0.0,0.0,0.0,8.0,0.0,0.0,0.0,0.0,0.0,0.0,0.0,0.0,12.0,0.0,0.0,0.0,0.0,0.0,0.0,0.0,0.0,0.0,0.0,0.0,0.0,29.0,0.0,3.0,0.0,0.0,161.0,0.0,0.0,0.0,0.0,5.0,0.0,0.0,0.0,0.0,0.0,0.0,0.0,9.0,0.0,0.0,0.0,0.0,0.0,0.0,0.0,0.0,0.0,0.0,0.0,62.0,0.0,3.0,0.0,0.0,0.0,0.0,0.0,7.0,74.0,0.0,0.0,0.0,0.0,0.0,0.0,0.0,7.0,0.0,0.0,3.0,5.0,0.0,0.0,0.0,3.0,33.0,0.0,0.0,2.0,0.0,0.0,4.0,0.0,0.0,0.0,7.0,0.0,0.0,0.0,0.0,0.0,80.0,14.0,0.0,0.0,0.0,0.0,0.0,83.0,3.0,0.0,0.0,171.0,0.0,0.0,0.0,4.0,8.0,0.0,19.0,16.0,0.0,0.0,0.0,0.0,0.0,0.0,0.0,0.0,32.0,9.0,0.0,0.0,24.0
SE4647_J4816,2755.0,7.0,0.0,117.0,0.0,0.0,0.0,95.0,0.0,0.0,0.0,0.0,19.0,0.0,0.0,0.0,0.0,0.0,0.0,0.0,55.0,5.0,18.0,31.0,0.0,0.0,0.0,0.0,0.0,0.0,4.0,0.0,0.0,5.0,0.0,4.0,0.0,0.0,0.0,2.0,0.0,0.0,0.0,0.0,0.0,0.0,947.0,95.0,0.0,324.0,0.0,107.0,0.0,0.0,139.0,0.0,10.0,4.0,0.0,0.0,0.0,0.0,3.0,0.0,0.0,283.0,0.0,0.0,86.0,0.0,0.0,0.0,0.0,0.0,0.0,0.0,0.0,0.0,0.0,4.0,24.0,2.0,0.0,0.0,0.0,298.0,0.0,0.0,61.0,0.0,0.0,0.0,0.0,0.0,6.0,0.0,6.0,0.0,27.0,2.0,0.0,0.0,0.0,0.0,0.0,0.0,0.0,0.0,0.0,0.0,2.0,0.0,0.0,0.0,0.0,0.0,0.0,0.0,1096.0,0.0,0.0,0.0,0.0,186.0,345.0,45.0,0.0,4.0,0.0,0.0,0.0,0.0,0.0,0.0,3.0,0.0,0.0,12.0,36.0,198.0,3.0,63.0,0.0,315.0,0.0,459.0,14.0,0.0,3.0,0.0,0.0,0.0,0.0,7.0,0.0,0.0,0.0,32.0,0.0,0.0,0.0,9.0,0.0,633.0,0.0,9.0,0.0,11.0,18.0,0.0,0.0,2.0,0.0,0.0,0.0,0.0,6.0,6.0,0.0,0.0,0.0,6.0,0.0,28.0,0.0,0.0,0.0,0.0,0.0,158.0,0.0,3.0,0.0,0.0,0.0,0.0,0.0,0.0,0.0,0.0,0.0,0.0,0.0,0.0,0.0,0.0,0.0,2.0,0.0,0.0,0.0,0.0,0.0,7.0,0.0,0.0,0.0,0.0,0.0,39.0,0.0,0.0,0.0,0.0,0.0,9.0,0.0,0.0,0.0,0.0,0.0,0.0,0.0,0.0,0.0,0.0,0.0,0.0,16.0,0.0,0.0,35.0,6.0,154.0,0.0,0.0,0.0,0.0,0.0,0.0,0.0,0.0,0.0,0.0,0.0,0.0,0.0,0.0,0.0,0.0,0.0,0.0,0.0,0.0,0.0,0.0,19.0,0.0,191.0,3.0,0.0,0.0,0.0,5.0,0.0,0.0,0.0,0.0,0.0,4.0,0.0,3.0,0.0,0.0,0.0,0.0,0.0,6.0,0.0,0.0,0.0,0.0,0.0,0.0,0.0,0.0,0.0,0.0,0.0,0.0,0.0,14.0,0.0,0.0,0.0,0.0,0.0,0.0,0.0,0.0,54.0,0.0,0.0,0.0,0.0,0.0,0.0,107.0,5.0,0.0,0.0,174.0,0.0,0.0,0.0,0.0,0.0,0.0,44.0,5.0,0.0,0.0,0.0,0.0,0.0,0.0,0.0,4.0,45.0,28.0,0.0,0.0,50.0
SE4648_J4816,642.0,2.0,4.0,3.0,0.0,0.0,0.0,146.0,0.0,0.0,0.0,0.0,0.0,0.0,0.0,0.0,0.0,0.0,0.0,0.0,149.0,4.0,23.0,156.0,0.0,0.0,0.0,0.0,0.0,22.0,8.0,3.0,0.0,0.0,0.0,19.0,0.0,0.0,38.0,0.0,6.0,0.0,0.0,0.0,0.0,3.0,168.0,58.0,13.0,379.0,0.0,174.0,0.0,0.0,222.0,0.0,16.0,9.0,0.0,0.0,0.0,0.0,3.0,0.0,0.0,19.0,0.0,0.0,78.0,32.0,0.0,0.0,0.0,0.0,3.0,0.0,8.0,0.0,0.0,0.0,88.0,15.0,0.0,0.0,0.0,562.0,0.0,0.0,0.0,0.0,0.0,0.0,0.0,0.0,0.0,0.0,4.0,0.0,124.0,0.0,0.0,0.0,0.0,0.0,5.0,0.0,0.0,0.0,2.0,0.0,0.0,50.0,0.0,0.0,13.0,0.0,0.0,0.0,90.0,0.0,0.0,0.0,0.0,268.0,37.0,97.0,0.0,5.0,0.0,0.0,0.0,0.0,0.0,0.0,0.0,0.0,0.0,72.0,96.0,686.0,61.0,178.0,0.0,385.0,0.0,221.0,0.0,0.0,190.0,0.0,0.0,0.0,0.0,34.0,0.0,0.0,20.0,86.0,0.0,0.0,5.0,116.0,0.0,970.0,0.0,29.0,0.0,58.0,3.0,0.0,15.0,0.0,0.0,0.0,0.0,0.0,0.0,0.0,0.0,0.0,96.0,25.0,0.0,58.0,0.0,9.0,0.0,0.0,0.0,3.0,0.0,8.0,0.0,28.0,0.0,6.0,0.0,0.0,0.0,0.0,0.0,0.0,0.0,931.0,0.0,0.0,0.0,24.0,0.0,0.0,0.0,0.0,0.0,6.0,0.0,0.0,0.0,0.0,0.0,0.0,0.0,0.0,0.0,0.0,0.0,9.0,0.0,0.0,0.0,0.0,0.0,0.0,0.0,0.0,13.0,0.0,0.0,0.0,40.0,0.0,13.0,0.0,0.0,124.0,0.0,0.0,0.0,0.0,8.0,0.0,0.0,0.0,5.0,0.0,0.0,0.0,0.0,0.0,0.0,0.0,0.0,0.0,0.0,0.0,0.0,4.0,8.0,0.0,173.0,0.0,0.0,0.0,0.0,0.0,0.0,0.0,5.0,24.0,0.0,0.0,0.0,0.0,0.0,0.0,0.0,0.0,0.0,0.0,0.0,9.0,0.0,0.0,0.0,3.0,17.0,2.0,0.0,0.0,0.0,0.0,0.0,0.0,0.0,0.0,0.0,0.0,0.0,5.0,0.0,0.0,60.0,0.0,0.0,7.0,0.0,0.0,0.0,70.0,0.0,0.0,0.0,394.0,0.0,2.0,0.0,0.0,0.0,0.0,69.0,12.0,0.0,0.0,0.0,3.0,0.0,0.0,0.0,3.0,71.0,22.0,0.0,0.0,45.0
