1369						
0	Fungi						
0	Fungi	Aphelidiomycota	Aphelidiomycetes	GS16	unidentified	unidentified	unidentified
25	Fungi	Ascomycota					
2	Fungi	Ascomycota	Archaeorhizomycetes	Archaeorhizomycetales	Archaeorhizomycetaceae	Archaeorhizomyces	unidentified
11	Fungi	Ascomycota	Dothideomycetes				
0	Fungi	Ascomycota	Dothideomycetes	Botryosphaeriales	Botryosphaeriaceae		
10	Fungi	Ascomycota	Dothideomycetes	Botryosphaeriales	Botryosphaeriaceae	Diplodia	
0	Fungi	Ascomycota	Dothideomycetes	Botryosphaeriales	Botryosphaeriaceae	Dothiorella	
0	Fungi	Ascomycota	Dothideomycetes	Botryosphaeriales	Botryosphaeriaceae	Lasiodiplodia	
34	Fungi	Ascomycota	Dothideomycetes	Capnodiales			
0	Fungi	Ascomycota	Dothideomycetes	Capnodiales	Cladosporiaceae		
0	Fungi	Ascomycota	Dothideomycetes	Capnodiales	Cladosporiaceae	Cladosporium	
0	Fungi	Ascomycota	Dothideomycetes	Capnodiales	Extremaceae		
0	Fungi	Ascomycota	Dothideomycetes	Capnodiales	Mycosphaerellaceae		
0	Fungi	Ascomycota	Dothideomycetes	Capnodiales	Mycosphaerellaceae	Pseudocercospora	
0	Fungi	Ascomycota	Dothideomycetes	Capnodiales	Teratosphaeriaceae		
0	Fungi	Ascomycota	Dothideomycetes	Capnodiales	unidentified	unidentified	unidentified
0	Fungi	Ascomycota	Dothideomycetes	Dothideales			
0	Fungi	Ascomycota	Dothideomycetes	Dothideales	Aureobasidiaceae	Aureobasidium	
0	Fungi	Ascomycota	Dothideomycetes	Dothideomycetes_ord_Incertae_sedis	Eremomycetaceae	Arthrographis	
0	Fungi	Ascomycota	Dothideomycetes	Minutisphaerales	Minutisphaeraceae	Minutisphaera	
0	Fungi	Ascomycota	Dothideomycetes	Myriangiales	Elsinoaceae	Elsinoe	
0	Fungi	Ascomycota	Dothideomycetes	Mytilinidales	Gloniaceae	Cenococcum	
0	Fungi	Ascomycota	Dothideomycetes	Patellariales			
185	Fungi	Ascomycota	Dothideomycetes	Pleosporales			
6	Fungi	Ascomycota	Dothideomycetes	Pleosporales	Dictyosporiaceae		
0	Fungi	Ascomycota	Dothideomycetes	Pleosporales	Dictyosporiaceae	Dictyosporium	
19	Fungi	Ascomycota	Dothideomycetes	Pleosporales	Didymellaceae		
0	Fungi	Ascomycota	Dothideomycetes	Pleosporales	Didymosphaeriaceae		
9	Fungi	Ascomycota	Dothideomycetes	Pleosporales	Didymosphaeriaceae	Paraphaeosphaeria	
37	Fungi	Ascomycota	Dothideomycetes	Pleosporales	Didymosphaeriaceae	Spegazzinia	
0	Fungi	Ascomycota	Dothideomycetes	Pleosporales	Lentitheciaceae		
0	Fungi	Ascomycota	Dothideomycetes	Pleosporales	Leptosphaeriaceae		
0	Fungi	Ascomycota	Dothideomycetes	Pleosporales	Lophiostomataceae		
0	Fungi	Ascomycota	Dothideomycetes	Pleosporales	Melanommataceae		
14	Fungi	Ascomycota	Dothideomycetes	Pleosporales	Morosphaeriaceae		
24	Fungi	Ascomycota	Dothideomycetes	Pleosporales	Periconiaceae	Periconia	
0	Fungi	Ascomycota	Dothideomycetes	Pleosporales	Phaeosphaeriaceae		
0	Fungi	Ascomycota	Dothideomycetes	Pleosporales	Phaeosphaeriaceae	Phaeosphaeria	
0	Fungi	Ascomycota	Dothideomycetes	Pleosporales	Pleosporaceae	Alternaria	
0	Fungi	Ascomycota	Dothideomycetes	Pleosporales	Pleosporaceae	Curvularia	
2	Fungi	Ascomycota	Dothideomycetes	Pleosporales	Pleosporales_fam_Incertae_sedis		
0	Fungi	Ascomycota	Dothideomycetes	Pleosporales	Pleosporales_fam_Incertae_sedis	Hermatomyces	
0	Fungi	Ascomycota	Dothideomycetes	Pleosporales	Pleosporales_fam_Incertae_sedis	Nigrograna	
0	Fungi	Ascomycota	Dothideomycetes	Pleosporales	Pleosporales_fam_Incertae_sedis	Pseudorobillarda	
0	Fungi	Ascomycota	Dothideomycetes	Pleosporales	Pleosporales_fam_Incertae_sedis	Pseudorobillarda	Pseudorobillarda_phragmitis
4	Fungi	Ascomycota	Dothideomycetes	Pleosporales	Sporormiaceae		
0	Fungi	Ascomycota	Dothideomycetes	Pleosporales	Sporormiaceae	Preussia	
0	Fungi	Ascomycota	Dothideomycetes	Pleosporales	Sporormiaceae	Sporormiella	
0	Fungi	Ascomycota	Dothideomycetes	Pleosporales	Sporormiaceae	Westerdykella	
0	Fungi	Ascomycota	Dothideomycetes	Pleosporales	Teichosporaceae	Teichospora	
0	Fungi	Ascomycota	Dothideomycetes	Pleosporales	Tetraplosphaeriaceae		
0	Fungi	Ascomycota	Dothideomycetes	Pleosporales	Thyridariaceae		
0	Fungi	Ascomycota	Dothideomycetes	Pleosporales	Thyridariaceae	Roussoella	
0	Fungi	Ascomycota	Dothideomycetes	Pleosporales	Torulaceae		
0	Fungi	Ascomycota	Dothideomycetes	Pleosporales	Torulaceae	Torula	
12	Fungi	Ascomycota	Dothideomycetes	Pleosporales	unidentified	unidentified	unidentified
0	Fungi	Ascomycota	Dothideomycetes	Tubeufiales			
0	Fungi	Ascomycota	Dothideomycetes	Tubeufiales	Tubeufiaceae		
0	Fungi	Ascomycota	Dothideomycetes	Tubeufiales	Tubeufiaceae	Tubeufia	
0	Fungi	Ascomycota	Dothideomycetes	Tubeufiales	Tubeufiaceae	unidentified	unidentified
0	Fungi	Ascomycota	Dothideomycetes	Venturiales			
0	Fungi	Ascomycota	Dothideomycetes	Venturiales	Sympoventuriaceae		
0	Fungi	Ascomycota	Dothideomycetes	Venturiales	Sympoventuriaceae	Ochroconis	
0	Fungi	Ascomycota	Dothideomycetes	Venturiales	Sympoventuriaceae	Pseudosigmoidea	
0	Fungi	Ascomycota	Dothideomycetes	Venturiales	Sympoventuriaceae	unidentified	unidentified
0	Fungi	Ascomycota	Dothideomycetes	Venturiales	Venturiaceae		
0	Fungi	Ascomycota	Dothideomycetes	Venturiales	Venturiaceae	Venturia	
0	Fungi	Ascomycota	Dothideomycetes	Venturiales	Venturiaceae	unidentified	unidentified
0	Fungi	Ascomycota	Dothideomycetes	Venturiales	unidentified	unidentified	unidentified
0	Fungi	Ascomycota	Dothideomycetes	unidentified	unidentified	unidentified	unidentified
274	Fungi	Ascomycota	Eurotiomycetes				
24	Fungi	Ascomycota	Eurotiomycetes	Chaetothyriales			
0	Fungi	Ascomycota	Eurotiomycetes	Chaetothyriales	Cyphellophoraceae	Cyphellophora	
19	Fungi	Ascomycota	Eurotiomycetes	Chaetothyriales	Herpotrichiellaceae		
11	Fungi	Ascomycota	Eurotiomycetes	Chaetothyriales	Herpotrichiellaceae	Cladophialophora	
0	Fungi	Ascomycota	Eurotiomycetes	Chaetothyriales	Herpotrichiellaceae	Cladophialophora	unidentified
25	Fungi	Ascomycota	Eurotiomycetes	Chaetothyriales	Herpotrichiellaceae	Exophiala	
0	Fungi	Ascomycota	Eurotiomycetes	Chaetothyriales	Herpotrichiellaceae	Minimelanolocus	
0	Fungi	Ascomycota	Eurotiomycetes	Chaetothyriales	Herpotrichiellaceae	Rhinocladiella	unidentified
124	Fungi	Ascomycota	Eurotiomycetes	Chaetothyriales	Herpotrichiellaceae	unidentified	unidentified
0	Fungi	Ascomycota	Eurotiomycetes	Chaetothyriales	Trichomeriaceae		
41	Fungi	Ascomycota	Eurotiomycetes	Chaetothyriales	unidentified	unidentified	unidentified
0	Fungi	Ascomycota	Eurotiomycetes	Coryneliales	Coryneliaceae		
0	Fungi	Ascomycota	Eurotiomycetes	Eurotiales			
0	Fungi	Ascomycota	Eurotiomycetes	Eurotiales	Aspergillaceae		
11	Fungi	Ascomycota	Eurotiomycetes	Eurotiales	Aspergillaceae	Aspergillus	
0	Fungi	Ascomycota	Eurotiomycetes	Eurotiales	Aspergillaceae	Aspergillus	Aspergillus_flavus
0	Fungi	Ascomycota	Eurotiomycetes	Eurotiales	Aspergillaceae	Hamigera	
12	Fungi	Ascomycota	Eurotiomycetes	Eurotiales	Aspergillaceae	Monascus	
73	Fungi	Ascomycota	Eurotiomycetes	Eurotiales	Aspergillaceae	Penicillium	
0	Fungi	Ascomycota	Eurotiomycetes	Eurotiales	Aspergillaceae	Penicillium	Penicillium_bilaiae
0	Fungi	Ascomycota	Eurotiomycetes	Eurotiales	Aspergillaceae	Penicillium	Penicillium_sclerotiorum
0	Fungi	Ascomycota	Eurotiomycetes	Eurotiales	Aspergillaceae	Penicillium	Penicillium_simplicissimum
0	Fungi	Ascomycota	Eurotiomycetes	Eurotiales	Thermoascaceae	Thermoascus	Thermoascus_crustaceus
0	Fungi	Ascomycota	Eurotiomycetes	Eurotiales	Trichocomaceae		
0	Fungi	Ascomycota	Eurotiomycetes	Eurotiales	Trichocomaceae	Rasamsonia	
5	Fungi	Ascomycota	Eurotiomycetes	Eurotiales	Trichocomaceae	Talaromyces	
0	Fungi	Ascomycota	Eurotiomycetes	Eurotiales	Trichocomaceae	Thermomyces	
0	Fungi	Ascomycota	Eurotiomycetes	Eurotiales	Trichocomaceae	Xerochrysium	Xerochrysium_dermatitidis
0	Fungi	Ascomycota	Eurotiomycetes	Onygenales			
0	Fungi	Ascomycota	Eurotiomycetes	Onygenales	Ajellomycetaceae		
0	Fungi	Ascomycota	Eurotiomycetes	Onygenales	Ajellomycetaceae	Histoplasma	
0	Fungi	Ascomycota	Eurotiomycetes	Onygenales	Arthrodermataceae		
0	Fungi	Ascomycota	Eurotiomycetes	Onygenales	Arthrodermataceae	Arthroderma	
0	Fungi	Ascomycota	Eurotiomycetes	Onygenales	Arthrodermataceae	Microsporum	Microsporum_audouinii
0	Fungi	Ascomycota	Eurotiomycetes	Onygenales	Ascosphaeraceae	Ascosphaera	Ascosphaera_subglobosa
0	Fungi	Ascomycota	Eurotiomycetes	Onygenales	Gymnoascaceae		
12	Fungi	Ascomycota	Eurotiomycetes	Onygenales	Nannizziopsiaceae	Nannizziopsis	
0	Fungi	Ascomycota	Eurotiomycetes	Onygenales	Onygenaceae		
0	Fungi	Ascomycota	Eurotiomycetes	Onygenales	Onygenaceae	Aphanoascus	Aphanoascus_foetidus
21	Fungi	Ascomycota	Eurotiomycetes	Onygenales	Onygenaceae	Auxarthron	
0	Fungi	Ascomycota	Eurotiomycetes	Onygenales	Onygenaceae	unidentified	unidentified
0	Fungi	Ascomycota	Eurotiomycetes	Onygenales	Onygenales_fam_Incertae_sedis		
0	Fungi	Ascomycota	Eurotiomycetes	Onygenales	Onygenales_fam_Incertae_sedis	Chrysosporium	
0	Fungi	Ascomycota	Eurotiomycetes	Onygenales	Onygenales_fam_Incertae_sedis	Malbranchea	Malbranchea_cinnamomea
0	Fungi	Ascomycota	Eurotiomycetes	Onygenales	unidentified	unidentified	unidentified
0	Fungi	Ascomycota	Eurotiomycetes	Phaeomoniellales			
0	Fungi	Ascomycota	Eurotiomycetes	Phaeomoniellales	Phaeomoniellaceae	Pseudophaeomoniella	Pseudophaeomoniella_oleicola
103	Fungi	Ascomycota	Eurotiomycetes	unidentified	unidentified	unidentified	unidentified
0	Fungi	Ascomycota	Geoglossomycetes	Geoglossales	Geoglossaceae	Glutinoglossum	
0	Fungi	Ascomycota	Geoglossomycetes	Geoglossales	Geoglossaceae	Trichoglossum	
0	Fungi	Ascomycota	Geoglossomycetes	Geoglossales	Geoglossaceae	Trichoglossum	unidentified
0	Fungi	Ascomycota	Geoglossomycetes	Geoglossales	unidentified	unidentified	unidentified
0	Fungi	Ascomycota	Laboulbeniomycetes	Pyxidiophorales	unidentified	unidentified	unidentified
0	Fungi	Ascomycota	Lecanoromycetes				
0	Fungi	Ascomycota	Lecanoromycetes	GS36	unidentified	unidentified	unidentified
0	Fungi	Ascomycota	Lecanoromycetes	Lecanorales			
0	Fungi	Ascomycota	Lecanoromycetes	Lecanorales	Ramalinaceae	Bacidina	
0	Fungi	Ascomycota	Lecanoromycetes	Lecanorales	unidentified	unidentified	unidentified
0	Fungi	Ascomycota	Lecanoromycetes	Ostropales	Stictidaceae		
0	Fungi	Ascomycota	Lecanoromycetes	Peltigerales	Collemataceae	Leptogium	unidentified
0	Fungi	Ascomycota	Lecanoromycetes	unidentified	unidentified	unidentified	unidentified
44	Fungi	Ascomycota	Leotiomycetes				
10	Fungi	Ascomycota	Leotiomycetes	Helotiales			
25	Fungi	Ascomycota	Leotiomycetes	Helotiales	Chaetomellaceae		
0	Fungi	Ascomycota	Leotiomycetes	Helotiales	Dermateaceae		
0	Fungi	Ascomycota	Leotiomycetes	Helotiales	Dermateaceae	unidentified	unidentified
0	Fungi	Ascomycota	Leotiomycetes	Helotiales	Helotiaceae		
0	Fungi	Ascomycota	Leotiomycetes	Helotiales	Helotiaceae	Scytalidium	
0	Fungi	Ascomycota	Leotiomycetes	Helotiales	Helotiaceae	Scytalidium	unidentified
0	Fungi	Ascomycota	Leotiomycetes	Helotiales	Helotiaceae	Tetracladium	unidentified
0	Fungi	Ascomycota	Leotiomycetes	Helotiales	Helotiales_fam_Incertae_sedis		
0	Fungi	Ascomycota	Leotiomycetes	Helotiales	Helotiales_fam_Incertae_sedis	Chalara	unidentified
5	Fungi	Ascomycota	Leotiomycetes	Helotiales	Helotiales_fam_Incertae_sedis	Kendrickiella	Kendrickiella_phycomyces
0	Fungi	Ascomycota	Leotiomycetes	Helotiales	Helotiales_fam_Incertae_sedis	Leohumicola	
13	Fungi	Ascomycota	Leotiomycetes	Helotiales	Helotiales_fam_Incertae_sedis	Leohumicola	unidentified
0	Fungi	Ascomycota	Leotiomycetes	Helotiales	Hyaloscyphaceae		
0	Fungi	Ascomycota	Leotiomycetes	Helotiales	Hyaloscyphaceae	Hyaloscypha	
0	Fungi	Ascomycota	Leotiomycetes	Helotiales	Hyaloscyphaceae	Hyaloscypha	unidentified
0	Fungi	Ascomycota	Leotiomycetes	Helotiales	Hyaloscyphaceae	Lachnum	Lachnum_fusiforme
0	Fungi	Ascomycota	Leotiomycetes	Helotiales	Leotiaceae	Neobulgaria	unidentified
0	Fungi	Ascomycota	Leotiomycetes	Helotiales	Myxotrichaceae		
0	Fungi	Ascomycota	Leotiomycetes	Helotiales	Myxotrichaceae	Oidiodendron	
2	Fungi	Ascomycota	Leotiomycetes	Helotiales	Myxotrichaceae	Oidiodendron	unidentified
0	Fungi	Ascomycota	Leotiomycetes	Helotiales	Rutstroemiaceae	Lambertella	
0	Fungi	Ascomycota	Leotiomycetes	Helotiales	Sclerotiniaceae		
0	Fungi	Ascomycota	Leotiomycetes	Helotiales	unidentified	unidentified	unidentified
0	Fungi	Ascomycota	Leotiomycetes	Rhytismatales	Rhytismataceae		
0	Fungi	Ascomycota	Leotiomycetes	Thelebolales			
7	Fungi	Ascomycota	Leotiomycetes	Thelebolales	Pseudeurotiaceae		
0	Fungi	Ascomycota	Leotiomycetes	Thelebolales	Pseudeurotiaceae	Pseudeurotium	
0	Fungi	Ascomycota	Leotiomycetes	Thelebolales	unidentified	unidentified	unidentified
0	Fungi	Ascomycota	Leotiomycetes	unidentified	unidentified	unidentified	unidentified
0	Fungi	Ascomycota	Orbiliomycetes	Orbiliales			
0	Fungi	Ascomycota	Orbiliomycetes	Orbiliales	Orbiliaceae		
28	Fungi	Ascomycota	Orbiliomycetes	Orbiliales	Orbiliaceae	Arthrobotrys	
0	Fungi	Ascomycota	Orbiliomycetes	Orbiliales	Orbiliaceae	Hyalorbilia	
0	Fungi	Ascomycota	Orbiliomycetes	Orbiliales	Orbiliaceae	unidentified	unidentified
0	Fungi	Ascomycota	Orbiliomycetes	Orbiliales	unidentified	unidentified	unidentified
0	Fungi	Ascomycota	Pezizomycetes	Pezizales			
0	Fungi	Ascomycota	Pezizomycetes	Pezizales	Ascobolaceae	Ascobolus	
0	Fungi	Ascomycota	Pezizomycetes	Pezizales	Ascodesmidaceae	Cephaliophora	
0	Fungi	Ascomycota	Pezizomycetes	Pezizales	Pezizaceae		
0	Fungi	Ascomycota	Pezizomycetes	Pezizales	Pezizaceae	unidentified	unidentified
10	Fungi	Ascomycota	Pezizomycetes	Pezizales	Pyronemataceae		
5	Fungi	Ascomycota	Pezizomycetes	Pezizales	Pyronemataceae	Diehliomyces	Diehliomyces_microsporus
0	Fungi	Ascomycota	Pezizomycetes	Pezizales	Pyronemataceae	Geopyxis	
0	Fungi	Ascomycota	Pezizomycetes	Pezizales	Pyronemataceae	Paurocotylis	
0	Fungi	Ascomycota	Pezizomycetes	Pezizales	Pyronemataceae	Pulvinula	unidentified
0	Fungi	Ascomycota	Pezizomycetes	Pezizales	Pyronemataceae	Scutellinia	
0	Fungi	Ascomycota	Pezizomycetes	Pezizales	Pyronemataceae	unidentified	unidentified
0	Fungi	Ascomycota	Pezizomycetes	Pezizales	Sarcoscyphaceae		
0	Fungi	Ascomycota	Pezizomycetes	Pezizales	Sarcosomataceae	Urnula	
0	Fungi	Ascomycota	Pezizomycetes	Pezizales	Tarzettaceae	Densocarpa	unidentified
0	Fungi	Ascomycota	Pezizomycotina_cls_Incertae_sedis	Pezizomycotina_ord_Incertae_sedis	Pezizomycotina_fam_Incertae_sedis	Ciliophora	unidentified
0	Fungi	Ascomycota	Saccharomycetes	Saccharomycetales			
0	Fungi	Ascomycota	Saccharomycetes	Saccharomycetales	Debaryomycetaceae	Debaryomyces	
0	Fungi	Ascomycota	Saccharomycetes	Saccharomycetales	Debaryomycetaceae	Spathaspora	
6	Fungi	Ascomycota	Saccharomycetes	Saccharomycetales	Lipomycetaceae	Lipomyces	
0	Fungi	Ascomycota	Saccharomycetes	Saccharomycetales	Phaffomycetaceae		
0	Fungi	Ascomycota	Saccharomycetes	Saccharomycetales	Pichiaceae	Martiniozyma	unidentified
0	Fungi	Ascomycota	Saccharomycetes	Saccharomycetales	Pichiaceae	Ogataea	
0	Fungi	Ascomycota	Saccharomycetes	Saccharomycetales	Pichiaceae	Pichia	Pichia_terricola
0	Fungi	Ascomycota	Saccharomycetes	Saccharomycetales	Saccharomycetaceae	Kazachstania	
0	Fungi	Ascomycota	Saccharomycetes	Saccharomycetales	Saccharomycopsidaceae	Saccharomycopsis	Saccharomycopsis_vini
0	Fungi	Ascomycota	Saccharomycetes	Saccharomycetales	Trichomonascaceae		
0	Fungi	Ascomycota	Saccharomycetes	Saccharomycetales	Trichomonascaceae	Blastobotrys	
0	Fungi	Ascomycota	Saccharomycetes	Saccharomycetales	Trichomonascaceae	Sugiyamaella	
0	Fungi	Ascomycota	Saccharomycetes	Saccharomycetales	unidentified	unidentified	unidentified
229	Fungi	Ascomycota	Sordariomycetes				
0	Fungi	Ascomycota	Sordariomycetes	Boliniales			
12	Fungi	Ascomycota	Sordariomycetes	Branch06	unidentified	unidentified	unidentified
0	Fungi	Ascomycota	Sordariomycetes	Calosphaeriales	Calosphaeriaceae	Jattaea	
4	Fungi	Ascomycota	Sordariomycetes	Calosphaeriales	Pleurostomataceae	Pleurostoma	
87	Fungi	Ascomycota	Sordariomycetes	Chaetosphaeriales	Chaetosphaeriaceae		
37	Fungi	Ascomycota	Sordariomycetes	Chaetosphaeriales	Chaetosphaeriaceae	Chaetosphaeria	
0	Fungi	Ascomycota	Sordariomycetes	Chaetosphaeriales	Chaetosphaeriaceae	Chaetosphaeria	Chaetosphaeria_curvispora
0	Fungi	Ascomycota	Sordariomycetes	Chaetosphaeriales	Chaetosphaeriaceae	Dinemasporium	
0	Fungi	Ascomycota	Sordariomycetes	Chaetosphaeriales	Chaetosphaeriaceae	Thozetella	
0	Fungi	Ascomycota	Sordariomycetes	Chaetosphaeriales	Chaetosphaeriaceae	unidentified	unidentified
47	Fungi	Ascomycota	Sordariomycetes	Coniochaetales			
0	Fungi	Ascomycota	Sordariomycetes	Coniochaetales	Coniochaetaceae		
27	Fungi	Ascomycota	Sordariomycetes	Coniochaetales	Coniochaetaceae	Coniochaeta	
12	Fungi	Ascomycota	Sordariomycetes	Coniochaetales	Coniochaetaceae	Coniochaeta	unidentified
0	Fungi	Ascomycota	Sordariomycetes	Coniochaetales	unidentified	unidentified	unidentified
7	Fungi	Ascomycota	Sordariomycetes	Conioscyphales	Conioscyphaceae	Conioscypha	
0	Fungi	Ascomycota	Sordariomycetes	Conioscyphales	Conioscyphaceae	Conioscypha	unidentified
0	Fungi	Ascomycota	Sordariomycetes	Diaporthales			
0	Fungi	Ascomycota	Sordariomycetes	Diaporthales	Diaporthaceae	Diaporthe	
0	Fungi	Ascomycota	Sordariomycetes	Diaporthales	Valsaceae	Cytospora	
0	Fungi	Ascomycota	Sordariomycetes	Diaporthales	unidentified	unidentified	unidentified
0	Fungi	Ascomycota	Sordariomycetes	Glomerellales			
0	Fungi	Ascomycota	Sordariomycetes	Glomerellales	Glomerellaceae	Colletotrichum	
0	Fungi	Ascomycota	Sordariomycetes	Glomerellales	Glomerellaceae	Colletotrichum	Colletotrichum_gloeosporioides
0	Fungi	Ascomycota	Sordariomycetes	Glomerellales	Plectosphaerellaceae		
0	Fungi	Ascomycota	Sordariomycetes	Glomerellales	Plectosphaerellaceae	Plectosphaerella	
0	Fungi	Ascomycota	Sordariomycetes	Glomerellales	Reticulascaceae		
0	Fungi	Ascomycota	Sordariomycetes	Hypoceales	Amplistromataceae	Acidothrix	Acidothrix_acidophila
145	Fungi	Ascomycota	Sordariomycetes	Hypocreales			
31	Fungi	Ascomycota	Sordariomycetes	Hypocreales	Bionectriaceae	Clonostachys	
0	Fungi	Ascomycota	Sordariomycetes	Hypocreales	Bionectriaceae	Geosmithia	
30	Fungi	Ascomycota	Sordariomycetes	Hypocreales	Clavicipitaceae		
0	Fungi	Ascomycota	Sordariomycetes	Hypocreales	Clavicipitaceae	Claviceps	
0	Fungi	Ascomycota	Sordariomycetes	Hypocreales	Clavicipitaceae	Claviceps	unidentified
6	Fungi	Ascomycota	Sordariomycetes	Hypocreales	Clavicipitaceae	Metarhizium	
358	Fungi	Ascomycota	Sordariomycetes	Hypocreales	Clavicipitaceae	Metarhizium	Metarhizium_anisopliae
5	Fungi	Ascomycota	Sordariomycetes	Hypocreales	Cordycipitaceae		
0	Fungi	Ascomycota	Sordariomycetes	Hypocreales	Cordycipitaceae	Beauveria	
0	Fungi	Ascomycota	Sordariomycetes	Hypocreales	Cordycipitaceae	Cordyceps	Cordyceps_cylindrica
0	Fungi	Ascomycota	Sordariomycetes	Hypocreales	Cordycipitaceae	Lecanicillium	
0	Fungi	Ascomycota	Sordariomycetes	Hypocreales	Hypocreaceae		
0	Fungi	Ascomycota	Sordariomycetes	Hypocreales	Hypocreaceae	Hypomyces	Hypomyces_triseptatus
117	Fungi	Ascomycota	Sordariomycetes	Hypocreales	Hypocreaceae	Trichoderma	
0	Fungi	Ascomycota	Sordariomycetes	Hypocreales	Hypocreaceae	Trichoderma	Trichoderma_hamatum
0	Fungi	Ascomycota	Sordariomycetes	Hypocreales	Hypocreales_fam_Incertae_sedis		
0	Fungi	Ascomycota	Sordariomycetes	Hypocreales	Hypocreales_fam_Incertae_sedis	Acremonium	
0	Fungi	Ascomycota	Sordariomycetes	Hypocreales	Hypocreales_fam_Incertae_sedis	Barbatosphaeria	
0	Fungi	Ascomycota	Sordariomycetes	Hypocreales	Hypocreales_fam_Incertae_sedis	Brachysporium	
0	Fungi	Ascomycota	Sordariomycetes	Hypocreales	Hypocreales_fam_Incertae_sedis	Brachysporium	unidentified
0	Fungi	Ascomycota	Sordariomycetes	Hypocreales	Hypocreales_fam_Incertae_sedis	Sarocladium	
0	Fungi	Ascomycota	Sordariomycetes	Hypocreales	Hypocreales_fam_Incertae_sedis	Sporidesmium	unidentified
93	Fungi	Ascomycota	Sordariomycetes	Hypocreales	Nectriaceae		
0	Fungi	Ascomycota	Sordariomycetes	Hypocreales	Nectriaceae	Campylospora	
0	Fungi	Ascomycota	Sordariomycetes	Hypocreales	Nectriaceae	Cylindrocladiella	
230	Fungi	Ascomycota	Sordariomycetes	Hypocreales	Nectriaceae	Fusarium	
0	Fungi	Ascomycota	Sordariomycetes	Hypocreales	Nectriaceae	Fusarium	Fusarium_solani
0	Fungi	Ascomycota	Sordariomycetes	Hypocreales	Nectriaceae	Gliocephalotrichum	
0	Fungi	Ascomycota	Sordariomycetes	Hypocreales	Nectriaceae	Ilyonectria	
11	Fungi	Ascomycota	Sordariomycetes	Hypocreales	Nectriaceae	Mariannaea	
0	Fungi	Ascomycota	Sordariomycetes	Hypocreales	Nectriaceae	Paracremonium	
33	Fungi	Ascomycota	Sordariomycetes	Hypocreales	Nectriaceae	Thelonectria	
0	Fungi	Ascomycota	Sordariomycetes	Hypocreales	Nectriaceae	Volutella	
0	Fungi	Ascomycota	Sordariomycetes	Hypocreales	Niessliaceae		
20	Fungi	Ascomycota	Sordariomycetes	Hypocreales	Ophiocordycipitaceae		
0	Fungi	Ascomycota	Sordariomycetes	Hypocreales	Ophiocordycipitaceae	Hirsutella	
0	Fungi	Ascomycota	Sordariomycetes	Hypocreales	Ophiocordycipitaceae	Ophiocordyceps	
0	Fungi	Ascomycota	Sordariomycetes	Hypocreales	Ophiocordycipitaceae	Polycephalomyces	
119	Fungi	Ascomycota	Sordariomycetes	Hypocreales	Ophiocordycipitaceae	Purpureocillium	
10	Fungi	Ascomycota	Sordariomycetes	Hypocreales	Ophiocordycipitaceae	Tolypocladium	
0	Fungi	Ascomycota	Sordariomycetes	Hypocreales	Ophiocordycipitaceae	Tolypocladium	unidentified
0	Fungi	Ascomycota	Sordariomycetes	Hypocreales	Ophiocordycipitaceae	unidentified	unidentified
8	Fungi	Ascomycota	Sordariomycetes	Hypocreales	Stachybotryaceae		
0	Fungi	Ascomycota	Sordariomycetes	Hypocreales	unidentified	unidentified	unidentified
0	Fungi	Ascomycota	Sordariomycetes	Magnaporthales	Magnaporthaceae		
3	Fungi	Ascomycota	Sordariomycetes	Magnaporthales	Magnaporthaceae	Magnaporthiopsis	
0	Fungi	Ascomycota	Sordariomycetes	Magnaporthales	Magnaporthaceae	Mycoleptodiscus	
0	Fungi	Ascomycota	Sordariomycetes	Magnaporthales	Magnaporthaceae	Mycoleptodiscus	unidentified
0	Fungi	Ascomycota	Sordariomycetes	Magnaporthales	Magnaporthaceae	Pseudophialophora	
0	Fungi	Ascomycota	Sordariomycetes	Magnaporthales	unidentified	unidentified	unidentified
23	Fungi	Ascomycota	Sordariomycetes	Microascales			
3	Fungi	Ascomycota	Sordariomycetes	Microascales	Ceratocystidaceae	Ceratocystis	unidentified
0	Fungi	Ascomycota	Sordariomycetes	Microascales	Graphiaceae	Graphium	
0	Fungi	Ascomycota	Sordariomycetes	Microascales	Microascaceae		
0	Fungi	Ascomycota	Sordariomycetes	Microascales	Microascaceae	Acaulium	
0	Fungi	Ascomycota	Sordariomycetes	Microascales	Microascaceae	Cephalotrichum	
0	Fungi	Ascomycota	Sordariomycetes	Microascales	Microascaceae	Microascus	
4	Fungi	Ascomycota	Sordariomycetes	Microascales	Microascaceae	Scedosporium	
0	Fungi	Ascomycota	Sordariomycetes	Microascales	Microascales_fam_Incertae_sedis	Triadelphia	
0	Fungi	Ascomycota	Sordariomycetes	Myrmecridiales			
0	Fungi	Ascomycota	Sordariomycetes	Myrmecridiales	Myrmecridiaceae	Myrmecridium	
107	Fungi	Ascomycota	Sordariomycetes	Myrmecridiales	unidentified	unidentified	unidentified
0	Fungi	Ascomycota	Sordariomycetes	Ophiostomatales	Ophiostomataceae		
0	Fungi	Ascomycota	Sordariomycetes	Ophiostomatales	Ophiostomataceae	Ophiostoma	
0	Fungi	Ascomycota	Sordariomycetes	Ophiostomatales	Ophiostomataceae	Ophiostoma	Ophiostoma_nigrocarpum
0	Fungi	Ascomycota	Sordariomycetes	Ophiostomatales	Ophiostomataceae	Sporothrix	
0	Fungi	Ascomycota	Sordariomycetes	Ophiostomatales	Ophiostomataceae	unidentified	unidentified
0	Fungi	Ascomycota	Sordariomycetes	Pleurotheciales	Pleurotheciaceae		
0	Fungi	Ascomycota	Sordariomycetes	Pleurotheciales	Pleurotheciaceae	Adelosphaeria	Adelosphaeria_catenata
0	Fungi	Ascomycota	Sordariomycetes	Pleurotheciales	Pleurotheciaceae	Phaeoisaria	
0	Fungi	Ascomycota	Sordariomycetes	Pleurotheciales	Pleurotheciaceae	Pleurotheciella	
42	Fungi	Ascomycota	Sordariomycetes	Savoryellales	Savoryellaceae		
0	Fungi	Ascomycota	Sordariomycetes	Savoryellales	Savoryellaceae	Canalisporium	
0	Fungi	Ascomycota	Sordariomycetes	Savoryellales	Savoryellaceae	Neoascotaiwania	
24	Fungi	Ascomycota	Sordariomycetes	Sordariales			
0	Fungi	Ascomycota	Sordariomycetes	Sordariales	Cephalothecaceae		
0	Fungi	Ascomycota	Sordariomycetes	Sordariales	Cephalothecaceae	unidentified	unidentified
386	Fungi	Ascomycota	Sordariomycetes	Sordariales	Chaetomiaceae		
459	Fungi	Ascomycota	Sordariomycetes	Sordariales	Chaetomiaceae	Chaetomium	
0	Fungi	Ascomycota	Sordariomycetes	Sordariales	Chaetomiaceae	Dichotomopilus	
0	Fungi	Ascomycota	Sordariomycetes	Sordariales	Helminthosphaeriaceae	Spadicoides	
0	Fungi	Ascomycota	Sordariomycetes	Sordariales	Lasiosphaeriaceae		
0	Fungi	Ascomycota	Sordariomycetes	Sordariales	Lasiosphaeriaceae	Podospora	
7	Fungi	Ascomycota	Sordariomycetes	Sordariales	Lasiosphaeriaceae	unidentified	unidentified
9	Fungi	Ascomycota	Sordariomycetes	Sordariales	Sordariaceae		
6	Fungi	Ascomycota	Sordariomycetes	Sordariales	Sordariales_fam_Incertae_sedis		
0	Fungi	Ascomycota	Sordariomycetes	Sordariales	Sordariales_fam_Incertae_sedis	Conlarium	
0	Fungi	Ascomycota	Sordariomycetes	Sordariales	Sordariales_fam_Incertae_sedis	Conlarium	unidentified
0	Fungi	Ascomycota	Sordariomycetes	Sordariales	Sordariales_fam_Incertae_sedis	Cordana	
8	Fungi	Ascomycota	Sordariomycetes	Sordariales	unidentified	unidentified	unidentified
0	Fungi	Ascomycota	Sordariomycetes	Togniniales	Togniniaceae	Phaeoacremonium	
9	Fungi	Ascomycota	Sordariomycetes	Trichosphaeriales	Trichosphaeriaceae	Nigrospora	
0	Fungi	Ascomycota	Sordariomycetes	Xylariales			
0	Fungi	Ascomycota	Sordariomycetes	Xylariales	Apiosporaceae	Arthrinium	
0	Fungi	Ascomycota	Sordariomycetes	Xylariales	Beltraniaceae		
0	Fungi	Ascomycota	Sordariomycetes	Xylariales	Diatrypaceae		
0	Fungi	Ascomycota	Sordariomycetes	Xylariales	Microdochiaceae		
0	Fungi	Ascomycota	Sordariomycetes	Xylariales	Microdochiaceae	Idriella	Idriella_lunata
5	Fungi	Ascomycota	Sordariomycetes	Xylariales	Sporocadaceae		
0	Fungi	Ascomycota	Sordariomycetes	Xylariales	Sporocadaceae	Neopestalotiopsis	
0	Fungi	Ascomycota	Sordariomycetes	Xylariales	Sporocadaceae	Pestalotiopsis	
0	Fungi	Ascomycota	Sordariomycetes	Xylariales	Xylariaceae		
0	Fungi	Ascomycota	Sordariomycetes	Xylariales	Xylariaceae	Annulohypoxylon	
0	Fungi	Ascomycota	Sordariomycetes	Xylariales	Xylariaceae	Biscogniauxia	
0	Fungi	Ascomycota	Sordariomycetes	Xylariales	Xylariaceae	Biscogniauxia	unidentified
0	Fungi	Ascomycota	Sordariomycetes	Xylariales	Xylariaceae	Hypoxylon	
0	Fungi	Ascomycota	Sordariomycetes	Xylariales	Xylariaceae	Muscodor	
0	Fungi	Ascomycota	Sordariomycetes	Xylariales	Xylariaceae	Nemania	
0	Fungi	Ascomycota	Sordariomycetes	Xylariales	Xylariaceae	Nemania	Nemania_diffusa
0	Fungi	Ascomycota	Sordariomycetes	Xylariales	Xylariaceae	Xylaria	
0	Fungi	Ascomycota	Sordariomycetes	Xylariales	Xylariaceae	Xylaria	unidentified
0	Fungi	Ascomycota	Sordariomycetes	Xylariales	Xylariales_fam_Incertae_sedis	Castanediella	
0	Fungi	Ascomycota	Sordariomycetes	Xylariales	Xylariales_fam_Incertae_sedis	Phialemoniopsis	
0	Fungi	Ascomycota	Sordariomycetes	Xylariales	unidentified	unidentified	unidentified
28	Fungi	Ascomycota	Sordariomycetes	unidentified	unidentified	unidentified	unidentified
7	Fungi	Ascomycota	unidentified	unidentified	unidentified	unidentified	unidentified
0	Fungi	Basidiobolomycota	Basidiobolomycetes	Basidiobolales	unidentified	unidentified	unidentified
5	Fungi	Basidiomycota					
0	Fungi	Basidiomycota	Agaricomycetes				
11	Fungi	Basidiomycota	Agaricomycetes	Agaricales			
0	Fungi	Basidiomycota	Agaricomycetes	Agaricales	Agaricaceae		
0	Fungi	Basidiomycota	Agaricomycetes	Agaricales	Agaricaceae	Agaricus	
0	Fungi	Basidiomycota	Agaricomycetes	Agaricales	Agaricaceae	Agaricus	unidentified
0	Fungi	Basidiomycota	Agaricomycetes	Agaricales	Agaricaceae	Chlorophyllum	
0	Fungi	Basidiomycota	Agaricomycetes	Agaricales	Agaricaceae	Lepiota	
0	Fungi	Basidiomycota	Agaricomycetes	Agaricales	Agaricaceae	Leucoagaricus	
0	Fungi	Basidiomycota	Agaricomycetes	Agaricales	Amanitaceae	Limacella	
0	Fungi	Basidiomycota	Agaricomycetes	Agaricales	Bolbitiaceae	Conocybe	
15	Fungi	Basidiomycota	Agaricomycetes	Agaricales	Clavariaceae		
0	Fungi	Basidiomycota	Agaricomycetes	Agaricales	Clavariaceae	Clavaria	
0	Fungi	Basidiomycota	Agaricomycetes	Agaricales	Clavariaceae	Clavaria	unidentified
0	Fungi	Basidiomycota	Agaricomycetes	Agaricales	Clavariaceae	Clavulinopsis	
272	Fungi	Basidiomycota	Agaricomycetes	Agaricales	Clavariaceae	Clavulinopsis	unidentified
0	Fungi	Basidiomycota	Agaricomycetes	Agaricales	Clavariaceae	Ramariopsis	unidentified
0	Fungi	Basidiomycota	Agaricomycetes	Agaricales	Clavariaceae	unidentified	unidentified
0	Fungi	Basidiomycota	Agaricomycetes	Agaricales	Cortinariaceae	Cortinarius	
0	Fungi	Basidiomycota	Agaricomycetes	Agaricales	Entolomataceae		
0	Fungi	Basidiomycota	Agaricomycetes	Agaricales	Entolomataceae	Clitopilus	
0	Fungi	Basidiomycota	Agaricomycetes	Agaricales	Entolomataceae	Clitopilus	unidentified
0	Fungi	Basidiomycota	Agaricomycetes	Agaricales	Entolomataceae	Entoloma	
0	Fungi	Basidiomycota	Agaricomycetes	Agaricales	Entolomataceae	Rhodocybe	
0	Fungi	Basidiomycota	Agaricomycetes	Agaricales	Hydnangiaceae	Laccaria	
0	Fungi	Basidiomycota	Agaricomycetes	Agaricales	Hygrophoraceae		
0	Fungi	Basidiomycota	Agaricomycetes	Agaricales	Hygrophoraceae	Gliophorus	
0	Fungi	Basidiomycota	Agaricomycetes	Agaricales	Hygrophoraceae	Hygrocybe	
0	Fungi	Basidiomycota	Agaricomycetes	Agaricales	Hygrophoraceae	Hygrocybe	Hygrocybe_helobia
0	Fungi	Basidiomycota	Agaricomycetes	Agaricales	Lycoperdaceae		
0	Fungi	Basidiomycota	Agaricomycetes	Agaricales	Lycoperdaceae	Calvatia	
0	Fungi	Basidiomycota	Agaricomycetes	Agaricales	Lyophyllaceae	Lyophyllum	
0	Fungi	Basidiomycota	Agaricomycetes	Agaricales	Marasmiaceae		
0	Fungi	Basidiomycota	Agaricomycetes	Agaricales	Omphalotaceae		
0	Fungi	Basidiomycota	Agaricomycetes	Agaricales	Omphalotaceae	Gymnopus	
0	Fungi	Basidiomycota	Agaricomycetes	Agaricales	Physalacriaceae		
0	Fungi	Basidiomycota	Agaricomycetes	Agaricales	Physalacriaceae	Hymenopellis	
0	Fungi	Basidiomycota	Agaricomycetes	Agaricales	Pluteaceae	Pluteus	
0	Fungi	Basidiomycota	Agaricomycetes	Agaricales	Pluteaceae	Volvariella	
0	Fungi	Basidiomycota	Agaricomycetes	Agaricales	Psathyrellaceae	Coprinellus	
0	Fungi	Basidiomycota	Agaricomycetes	Agaricales	Psathyrellaceae	Coprinopsis	
0	Fungi	Basidiomycota	Agaricomycetes	Agaricales	Psathyrellaceae	Psathyrella	
0	Fungi	Basidiomycota	Agaricomycetes	Agaricales	Stephanosporaceae		
0	Fungi	Basidiomycota	Agaricomycetes	Agaricales	Strophariaceae		
0	Fungi	Basidiomycota	Agaricomycetes	Agaricales	Strophariaceae	Deconica	
0	Fungi	Basidiomycota	Agaricomycetes	Agaricales	Strophariaceae	Galerina	
0	Fungi	Basidiomycota	Agaricomycetes	Agaricales	Strophariaceae	Pholiota	
0	Fungi	Basidiomycota	Agaricomycetes	Agaricales	Strophariaceae	Psilocybe	
12	Fungi	Basidiomycota	Agaricomycetes	Agaricales	Tricholomataceae		
0	Fungi	Basidiomycota	Agaricomycetes	Agaricales	Tricholomataceae	Arrhenia	
0	Fungi	Basidiomycota	Agaricomycetes	Agaricales	Tricholomataceae	Flagelloscypha	
0	Fungi	Basidiomycota	Agaricomycetes	Agaricales	Tricholomataceae	Gerronema	
0	Fungi	Basidiomycota	Agaricomycetes	Agaricales	Tricholomataceae	Mycena	
0	Fungi	Basidiomycota	Agaricomycetes	Agaricales	Tricholomataceae	Mycena	unidentified
0	Fungi	Basidiomycota	Agaricomycetes	Agaricales	Tricholomataceae	Omphalina	Omphalina_rivulicola
0	Fungi	Basidiomycota	Agaricomycetes	Agaricales	Tricholomataceae	Tricholoma	
0	Fungi	Basidiomycota	Agaricomycetes	Agaricales	unidentified	unidentified	unidentified
0	Fungi	Basidiomycota	Agaricomycetes	Auriculariales			
0	Fungi	Basidiomycota	Agaricomycetes	Auriculariales	Hyaloriaceae	Myxarium	
11	Fungi	Basidiomycota	Agaricomycetes	Auriculariales	unidentified	unidentified	unidentified
0	Fungi	Basidiomycota	Agaricomycetes	Boletales	Coniophoraceae	Coniophora	
0	Fungi	Basidiomycota	Agaricomycetes	Boletales	Pisolithaceae	Pisolithus	
0	Fungi	Basidiomycota	Agaricomycetes	Boletales	Suillaceae	Suillus	
0	Fungi	Basidiomycota	Agaricomycetes	Cantharellales			
0	Fungi	Basidiomycota	Agaricomycetes	Cantharellales	Botryobasidiaceae	Botryobasidium	
0	Fungi	Basidiomycota	Agaricomycetes	Cantharellales	Ceratobasidiaceae		
0	Fungi	Basidiomycota	Agaricomycetes	Cantharellales	Ceratobasidiaceae	Ceratobasidium	unidentified
0	Fungi	Basidiomycota	Agaricomycetes	Cantharellales	Ceratobasidiaceae	unidentified	unidentified
0	Fungi	Basidiomycota	Agaricomycetes	Cantharellales	unidentified	unidentified	unidentified
0	Fungi	Basidiomycota	Agaricomycetes	Corticiales	Vuilleminiaceae		
0	Fungi	Basidiomycota	Agaricomycetes	Geastrales	Geastraceae	Geastrum	
0	Fungi	Basidiomycota	Agaricomycetes	Geastrales	Sclerogastraceae	Sclerogaster	unidentified
0	Fungi	Basidiomycota	Agaricomycetes	Gomphales	Gomphaceae		
0	Fungi	Basidiomycota	Agaricomycetes	Gomphales	Gomphaceae	Ramaria	
0	Fungi	Basidiomycota	Agaricomycetes	Hymenochaetales	Schizoporaceae		
0	Fungi	Basidiomycota	Agaricomycetes	Hymenochaetales	Schizoporaceae	Xylodon	
0	Fungi	Basidiomycota	Agaricomycetes	Hymenochaetales	unidentified	unidentified	unidentified
95	Fungi	Basidiomycota	Agaricomycetes	Phallales	Clathraceae		
0	Fungi	Basidiomycota	Agaricomycetes	Phallales	Phallaceae		
0	Fungi	Basidiomycota	Agaricomycetes	Phallales	Phallaceae	Mutinus	
5	Fungi	Basidiomycota	Agaricomycetes	Phallales	Phallaceae	Phallus	
0	Fungi	Basidiomycota	Agaricomycetes	Polyporales			
0	Fungi	Basidiomycota	Agaricomycetes	Polyporales	Fomitopsidaceae		
28	Fungi	Basidiomycota	Agaricomycetes	Polyporales	Ganodermataceae	Ganoderma	
0	Fungi	Basidiomycota	Agaricomycetes	Polyporales	Irpicaceae	Ceriporia	
0	Fungi	Basidiomycota	Agaricomycetes	Polyporales	Meripilaceae		
0	Fungi	Basidiomycota	Agaricomycetes	Polyporales	Polyporaceae		
7	Fungi	Basidiomycota	Agaricomycetes	Russulales			
0	Fungi	Basidiomycota	Agaricomycetes	Russulales	Lachnocladiaceae		
0	Fungi	Basidiomycota	Agaricomycetes	Russulales	Lachnocladiaceae	Dichostereum	
0	Fungi	Basidiomycota	Agaricomycetes	Russulales	Lachnocladiaceae	Vararia	Vararia_parmastoi
0	Fungi	Basidiomycota	Agaricomycetes	Russulales	Peniophoraceae	Peniophora	
0	Fungi	Basidiomycota	Agaricomycetes	Russulales	Russulaceae	Lactifluus	Lactifluus_pseudoluteopus
0	Fungi	Basidiomycota	Agaricomycetes	Sebacinales			
0	Fungi	Basidiomycota	Agaricomycetes	Sebacinales	Sebacinaceae	Sebacina	unidentified
0	Fungi	Basidiomycota	Agaricomycetes	Sebacinales	Serendipitaceae		
0	Fungi	Basidiomycota	Agaricomycetes	Sebacinales	Serendipitaceae	Serendipita	unidentified
0	Fungi	Basidiomycota	Agaricomycetes	Sebacinales	Serendipitaceae	unidentified	unidentified
0	Fungi	Basidiomycota	Agaricomycetes	Sebacinales	unidentified	unidentified	unidentified
0	Fungi	Basidiomycota	Agaricomycetes	Thelephorales	Bankeraceae	Hydnellum	
0	Fungi	Basidiomycota	Agaricomycetes	Thelephorales	Bankeraceae	Hydnellum	Hydnellum_joeides
0	Fungi	Basidiomycota	Agaricomycetes	Thelephorales	Thelephoraceae	Amaurodon	unidentified
0	Fungi	Basidiomycota	Agaricomycetes	Thelephorales	Thelephoraceae	Tomentellopsis	
3	Fungi	Basidiomycota	Agaricomycetes	Thelephorales	Thelephoraceae	unidentified	unidentified
0	Fungi	Basidiomycota	Agaricomycetes	Trechisporales			
0	Fungi	Basidiomycota	Agaricomycetes	Trechisporales	Hydnodontaceae		
0	Fungi	Basidiomycota	Agaricomycetes	Trechisporales	Hydnodontaceae	Trechispora	
0	Fungi	Basidiomycota	Agaricomycetes	Trechisporales	Hydnodontaceae	Trechispora	unidentified
0	Fungi	Basidiomycota	Agaricomycetes	Trechisporales	unidentified	unidentified	unidentified
0	Fungi	Basidiomycota	Agaricomycetes	Tremellodendropsidales	unidentified	unidentified	unidentified
25	Fungi	Basidiomycota	Agaricomycetes	unidentified	unidentified	unidentified	unidentified
0	Fungi	Basidiomycota	Agaricostilbomycetes	Agaricostilbales			
0	Fungi	Basidiomycota	Agaricostilbomycetes	Agaricostilbales	Agaricostilbaceae		
0	Fungi	Basidiomycota	Atractiellomycetes	Atractiellales			
0	Fungi	Basidiomycota	Atractiellomycetes	Atractiellales	Atractiellales_fam_Incertae_sedis	Helicogloea	
7	Fungi	Basidiomycota	Atractiellomycetes	Atractiellales	unidentified	unidentified	unidentified
0	Fungi	Basidiomycota	Cystobasidiomycetes				
0	Fungi	Basidiomycota	Cystobasidiomycetes	Cystobasidiales	Cystobasidiaceae	Cystobasidium	
0	Fungi	Basidiomycota	Cystobasidiomycetes	Cystobasidiales	Cystobasidiaceae	Occultifur	
0	Fungi	Basidiomycota	Cystobasidiomycetes	Cystobasidiomycetes_ord_Incertae_sedis	Symmetrosporaceae	Symmetrospora	
0	Fungi	Basidiomycota	Cystobasidiomycetes	Erythrobasidiales	Erythrobasidiales_fam_Incertae_sedis	Sakaguchia	
0	Fungi	Basidiomycota	Dacrymycetes	Dacrymycetales	Dacrymycetaceae	Dacryopinax	Dacryopinax_martinii
0	Fungi	Basidiomycota	GS25	GS25	unidentified	unidentified	unidentified
0	Fungi	Basidiomycota	Geminibasidiomycetes	Geminibasidiales	Geminibasidiaceae	Geminibasidium	
0	Fungi	Basidiomycota	Microbotryomycetes				
0	Fungi	Basidiomycota	Microbotryomycetes	Leucosporidiales	Leucosporidiaceae	Leucosporidium	
0	Fungi	Basidiomycota	Microbotryomycetes	Leucosporidiales	unidentified	unidentified	unidentified
0	Fungi	Basidiomycota	Microbotryomycetes	Microbotryomycetes_ord_Incertae_sedis	Chrysozymaceae		
0	Fungi	Basidiomycota	Microbotryomycetes	Microbotryomycetes_ord_Incertae_sedis	Microbotryomycetes_fam_Incertae_sedis	Colacogloea	
0	Fungi	Basidiomycota	Pucciniomycetes				
0	Fungi	Basidiomycota	Pucciniomycetes	Pucciniales	unidentified	unidentified	unidentified
0	Fungi	Basidiomycota	Pucciniomycetes	Septobasidiales	Septobasidiaceae		
0	Fungi	Basidiomycota	Spiculogloeomycetes	Spiculogloeales			
5	Fungi	Basidiomycota	Spiculogloeomycetes	Spiculogloeales	unidentified	unidentified	unidentified
3	Fungi	Basidiomycota	Tremellomycetes				
0	Fungi	Basidiomycota	Tremellomycetes	Cystofilobasidiales	Cystofilobasidiaceae	Cystofilobasidium	
53	Fungi	Basidiomycota	Tremellomycetes	Tremellales			
0	Fungi	Basidiomycota	Tremellomycetes	Tremellales	Bulleribasidiaceae	Hannaella	
0	Fungi	Basidiomycota	Tremellomycetes	Tremellales	Rhynchogastremataceae	Papiliotrema	
0	Fungi	Basidiomycota	Tremellomycetes	Tremellales	Sirobasidiaceae		
0	Fungi	Basidiomycota	Tremellomycetes	Tremellales	Tremellaceae	Tremella	
0	Fungi	Basidiomycota	Tremellomycetes	Tremellales	Trimorphomycetaceae	Saitozyma	
0	Fungi	Basidiomycota	Tremellomycetes	Tremellales	unidentified	unidentified	unidentified
0	Fungi	Basidiomycota	Tremellomycetes	Trichosporonales			
0	Fungi	Basidiomycota	Tremellomycetes	Trichosporonales	Tetragoniomycetaceae	unidentified	unidentified
6	Fungi	Basidiomycota	Tremellomycetes	Trichosporonales	Trichosporonaceae		
93	Fungi	Basidiomycota	Tremellomycetes	Trichosporonales	Trichosporonaceae	Apiotrichum	
0	Fungi	Basidiomycota	Tremellomycetes	Trichosporonales	Trichosporonaceae	Cutaneotrichosporon	
0	Fungi	Basidiomycota	Tremellomycetes	Trichosporonales	unidentified	unidentified	unidentified
3	Fungi	Basidiomycota	Tremellomycetes	unidentified	unidentified	unidentified	unidentified
0	Fungi	Basidiomycota	Tritirachiomycetes	Tritirachiales			
0	Fungi	Basidiomycota	Tritirachiomycetes	Tritirachiales	Tritirachiaceae	Paratritirachium	
7	Fungi	Basidiomycota	Tritirachiomycetes	Tritirachiales	unidentified	unidentified	unidentified
0	Fungi	Basidiomycota	Ustilaginomycetes	Ustilaginales	Ustilaginaceae	Moesziomyces	
0	Fungi	Basidiomycota	unidentified	unidentified	unidentified	unidentified	unidentified
2	Fungi	Blastocladiomycota	unidentified	unidentified	unidentified	unidentified	unidentified
0	Fungi	Calcarisporiellomycota	Calcarisporiellomycetes	Calcarisporiellales	Calcarisporiellaceae	Calcarisporiella	
0	Fungi	Chytridiomycota					
0	Fungi	Chytridiomycota	Chytridiomycetes	unidentified	unidentified	unidentified	unidentified
0	Fungi	Chytridiomycota	Cladochytriomycetes	Cladochytriales	Septochytriaceae	Septochytrium	unidentified
0	Fungi	Chytridiomycota	Rhizophlyctidomycetes	Rhizophlyctidales			
0	Fungi	Chytridiomycota	Rhizophlyctidomycetes	Rhizophlyctidales	Rhizophlyctidaceae	Rhizophlyctis	
0	Fungi	Chytridiomycota	Rhizophlyctidomycetes	Rhizophlyctidales	Rhizophlyctidaceae	Rhizophlyctis	Rhizophlyctis_rosea
0	Fungi	Chytridiomycota	Rhizophydiomycetes	Rhizophydiales	Rhizophydiaceae	Rhizophydium	unidentified
0	Fungi	Chytridiomycota	Rhizophydiomycetes	Rhizophydiales	Rhizophydiales_fam_Incertae_sedis	Operculomyces	
0	Fungi	Chytridiomycota	Rhizophydiomycetes	Rhizophydiales	Terramycetaceae		
20	Fungi	Chytridiomycota	Rhizophydiomycetes	Rhizophydiales	Terramycetaceae	Terramyces	unidentified
0	Fungi	Chytridiomycota	Rhizophydiomycetes	Rhizophydiales	unidentified	unidentified	unidentified
0	Fungi	Chytridiomycota	Spizellomycetes	Spizellomycetales	Powellomycetaceae	unidentified	unidentified
0	Fungi	Chytridiomycota	Spizellomycetes	Spizellomycetales	Spizellomycetaceae	Spizellomyces	
0	Fungi	Chytridiomycota	Spizellomycetes	Spizellomycetales	unidentified	unidentified	unidentified
0	Fungi	Chytridiomycota	Synchytriomycetes	Synchytriales	Synchytriaceae	unidentified	unidentified
0	Fungi	Chytridiomycota	unidentified	unidentified	unidentified	unidentified	unidentified
4	Fungi	Entorrhizomycota	Entorrhizomycetes	Entorrhizales	Entorrhizaceae	Entorrhiza	unidentified
0	Fungi	Glomeromycota					
0	Fungi	Glomeromycota	Archaeosporomycetes	Archaeosporales			
0	Fungi	Glomeromycota	Archaeosporomycetes	Archaeosporales	Archaeosporaceae		
0	Fungi	Glomeromycota	Archaeosporomycetes	Archaeosporales	Archaeosporaceae	Archaeospora	
0	Fungi	Glomeromycota	Archaeosporomycetes	Archaeosporales	Archaeosporaceae	Archaeospora	unidentified
0	Fungi	Glomeromycota	Archaeosporomycetes	Archaeosporales	Archaeosporaceae	unidentified	unidentified
0	Fungi	Glomeromycota	Glomeromycetes	Diversisporales	Acaulosporaceae	Acaulospora	
0	Fungi	Glomeromycota	Glomeromycetes	Diversisporales	Diversisporaceae		
0	Fungi	Glomeromycota	Glomeromycetes	Diversisporales	Diversisporaceae	Diversispora	
0	Fungi	Glomeromycota	Glomeromycetes	Gigasporales	Gigasporaceae		
0	Fungi	Glomeromycota	Glomeromycetes	Gigasporales	Gigasporaceae	Cetraspora	
0	Fungi	Glomeromycota	Glomeromycetes	Gigasporales	Gigasporaceae	Gigaspora	Gigaspora_margarita
0	Fungi	Glomeromycota	Glomeromycetes	Gigasporales	Gigasporaceae	Scutellospora	unidentified
0	Fungi	Glomeromycota	Glomeromycetes	Glomerales			
0	Fungi	Glomeromycota	Glomeromycetes	Glomerales	Claroideoglomeraceae		
0	Fungi	Glomeromycota	Glomeromycetes	Glomerales	Claroideoglomeraceae	Claroideoglomus	unidentified
0	Fungi	Glomeromycota	Glomeromycetes	Glomerales	Claroideoglomeraceae	unidentified	unidentified
0	Fungi	Glomeromycota	Glomeromycetes	Glomerales	Glomeraceae		
0	Fungi	Glomeromycota	Glomeromycetes	Glomerales	Glomeraceae	Funneliformis	Funneliformis_mosseae
10	Fungi	Glomeromycota	Glomeromycetes	Glomerales	Glomeraceae	Glomus	
0	Fungi	Glomeromycota	Glomeromycetes	Glomerales	Glomeraceae	Glomus	Glomus_microcarpum
0	Fungi	Glomeromycota	Glomeromycetes	Glomerales	Glomeraceae	Glomus	unidentified
0	Fungi	Glomeromycota	Glomeromycetes	Glomerales	Glomeraceae	Kamienskia	
0	Fungi	Glomeromycota	Glomeromycetes	Glomerales	Glomeraceae	Rhizophagus	
3	Fungi	Glomeromycota	Glomeromycetes	Glomerales	Glomeraceae	unidentified	unidentified
0	Fungi	Glomeromycota	Paraglomeromycetes				
0	Fungi	Glomeromycota	Paraglomeromycetes	Paraglomerales	Paraglomeraceae	Paraglomus	
0	Fungi	Glomeromycota	Paraglomeromycetes	Paraglomerales	Paraglomeraceae	Paraglomus	Paraglomus_brasilianum
0	Fungi	Glomeromycota	Paraglomeromycetes	Paraglomerales	Paraglomeraceae	Paraglomus	Paraglomus_laccatum
0	Fungi	Glomeromycota	Paraglomeromycetes	Paraglomerales	unidentified	unidentified	unidentified
0	Fungi	Glomeromycota	unidentified	unidentified	unidentified	unidentified	unidentified
0	Fungi	Kickxellomycota					
0	Fungi	Kickxellomycota	GS19	unidentified	unidentified	unidentified	unidentified
0	Fungi	Kickxellomycota	Kickxellomycetes	Kickxellales	Kickxellaceae	Ramicandelaber	
0	Fungi	Kickxellomycota	Kickxellomycetes	Kickxellales	Kickxellaceae	Ramicandelaber	unidentified
0	Fungi	Kickxellomycota	Kickxellomycetes	Kickxellales	unidentified	unidentified	unidentified
0	Fungi	Kickxellomycota	unidentified	unidentified	unidentified	unidentified	unidentified
0	Fungi	Mortierellomycota	Mortierellomycetes	Mortierellales			
0	Fungi	Mortierellomycota	Mortierellomycetes	Mortierellales	Mortierellaceae		
143	Fungi	Mortierellomycota	Mortierellomycetes	Mortierellales	Mortierellaceae	Mortierella	
36	Fungi	Mortierellomycota	Mortierellomycetes	Mortierellales	Mortierellaceae	Mortierella	unidentified
0	Fungi	Mortierellomycota	Mortierellomycetes	Mortierellales	unidentified	unidentified	unidentified
0	Fungi	Mucoromycota	Endogonomycetes	Endogonales	unidentified	unidentified	unidentified
0	Fungi	Mucoromycota	Endogonomycetes	GS21	unidentified	unidentified	unidentified
0	Fungi	Mucoromycota	Endogonomycetes	GS22	unidentified	unidentified	unidentified
0	Fungi	Mucoromycota	Endogonomycetes	unidentified	unidentified	unidentified	unidentified
0	Fungi	Mucoromycota	Mucoromycetes	Mucorales	Backusellaceae	Backusella	
0	Fungi	Mucoromycota	Mucoromycetes	Mucorales	Cunninghamellaceae	Absidia	
0	Fungi	Mucoromycota	Mucoromycetes	Mucorales	Cunninghamellaceae	Absidia	unidentified
0	Fungi	Mucoromycota	Mucoromycetes	Mucorales	Cunninghamellaceae	Cunninghamella	
0	Fungi	Mucoromycota	Mucoromycetes	Mucorales	Cunninghamellaceae	Gongronella	
0	Fungi	Mucoromycota	Mucoromycetes	Mucorales	Mucoraceae	Apophysomyces	
0	Fungi	Mucoromycota	Mucoromycetes	Mucorales	Mucoraceae	Mucor	
0	Fungi	Mucoromycota	Umbelopsidomycetes	GS23	unidentified	unidentified	unidentified
0	Fungi	Rozellomycota					
0	Fungi	Rozellomycota	Rozellomycotina_cls_Incertae_sedis	Branch02	unidentified	unidentified	unidentified
0	Fungi	Rozellomycota	Rozellomycotina_cls_Incertae_sedis	GS05	unidentified	unidentified	unidentified
0	Fungi	Rozellomycota	Rozellomycotina_cls_Incertae_sedis	GS06	unidentified	unidentified	unidentified
0	Fungi	Rozellomycota	Rozellomycotina_cls_Incertae_sedis	GS07	unidentified	unidentified	unidentified
0	Fungi	Rozellomycota	Rozellomycotina_cls_Incertae_sedis	GS08	unidentified	unidentified	unidentified
11	Fungi	Rozellomycota	Rozellomycotina_cls_Incertae_sedis	GS10	unidentified	unidentified	unidentified
159	Fungi	Rozellomycota	Rozellomycotina_cls_Incertae_sedis	GS11	unidentified	unidentified	unidentified
7	Fungi	Rozellomycota	unidentified	unidentified	unidentified	unidentified	unidentified
134	Fungi	Zoopagomycota	Zoopagomycetes	Zoopagales	unidentified	unidentified	unidentified
0	Fungi	Zoopagomycota	unidentified	unidentified	unidentified	unidentified	unidentified
40	Fungi	unidentified	unidentified	unidentified	unidentified	unidentified	unidentified
